seed,policy,path_count,unique_path_ratio,path_overlap
run-001,whisper_candidate_paths,3,1.0,0.06060606060606061
run-001,single_path,3,0.3333333333333333,1.0
run-001,random_multipath,3,1.0,0.0998217468805704
run-002,whisper_candidate_paths,3,1.0,0.047619047619047616
run-002,single_path,3,0.3333333333333333,1.0
run-002,random_multipath,3,1.0,0.12121212121212122
run-003,whisper_candidate_paths,3,1.0,0.0
run-003,single_path,3,0.3333333333333333,1.0
run-003,random_multipath,3,1.0,0.06666666666666667
