schema_version,experiment,seed,condition,compromise_fraction,required_fragments,emitted_fragments,recovery_fragments,redundancy_factor,bandwidth_overhead,magnet_strength,wandering_strength,hop_budget,custody_rounds,message_reconstructed,effective_reconstruction_ratio,reconstruction_margin,delivered_total,primary_delivered,recovery_delivered,clean_reconstruction,delivered_compromised_fragments,mean_hop_count,mean_transport_delivery_ratio,loop_rate,dead_end_rate,mean_compromised_relays_per_fragment,reticulum_graph_visible,voxmesh_knows_reticulum_identity,reticulum_knows_whisper_payload
1.3.2,redundancy-compensated-pressure-routing,fine-000,random,0.2,100,120,20,1.2,1.2,6.0,0.5,12,5,False,0.98,-2,98,79,19,False,68,4.425,0.63998556998557,0.041666666666666664,0.0,1.0,False,False,False
1.3.2,redundancy-compensated-pressure-routing,fine-000,random,0.2,100,122,22,1.22,1.22,6.0,0.5,12,5,True,1.0,0,100,79,21,False,70,4.524590163934426,0.6450677737562983,0.040983606557377046,0.0,1.040983606557377,False,False,False
1.3.2,redundancy-compensated-pressure-routing,fine-000,random,0.2,100,125,25,1.25,1.25,6.0,0.5,12,5,True,1.0,3,103,79,24,False,72,4.448,0.6429194805194806,0.04,0.0,1.032,False,False,False
1.3.2,redundancy-compensated-pressure-routing,fine-000,random,0.2,100,128,28,1.28,1.28,6.0,0.5,12,5,True,1.0,6,106,79,27,False,74,4.4765625,0.6477078260281385,0.0390625,0.0,1.03125,False,False,False
1.3.2,redundancy-compensated-pressure-routing,fine-000,random,0.2,100,130,30,1.3,1.3,6.0,0.5,12,5,True,1.0,7,107,79,28,False,75,4.430769230769231,0.643512321012321,0.038461538461538464,0.0,1.023076923076923,False,False,False
1.3.2,redundancy-compensated-pressure-routing,fine-000,targeted,0.2,100,120,20,1.2,1.2,6.0,0.5,12,5,False,0.98,-2,98,79,19,False,87,4.425,0.63998556998557,0.041666666666666664,0.0,1.7666666666666666,False,False,False
1.3.2,redundancy-compensated-pressure-routing,fine-000,targeted,0.2,100,122,22,1.22,1.22,6.0,0.5,12,5,True,1.0,0,100,79,21,False,89,4.524590163934426,0.6450677737562983,0.040983606557377046,0.0,1.8032786885245902,False,False,False
1.3.2,redundancy-compensated-pressure-routing,fine-000,targeted,0.2,100,125,25,1.25,1.25,6.0,0.5,12,5,True,1.0,3,103,79,24,False,90,4.448,0.6429194805194806,0.04,0.0,1.768,False,False,False
1.3.2,redundancy-compensated-pressure-routing,fine-000,targeted,0.2,100,128,28,1.28,1.28,6.0,0.5,12,5,True,1.0,6,106,79,27,False,93,4.4765625,0.6477078260281385,0.0390625,0.0,1.7890625,False,False,False
1.3.2,redundancy-compensated-pressure-routing,fine-000,targeted,0.2,100,130,30,1.3,1.3,6.0,0.5,12,5,True,1.0,7,107,79,28,False,93,4.430769230769231,0.643512321012321,0.038461538461538464,0.0,1.7692307692307692,False,False,False
1.3.2,redundancy-compensated-pressure-routing,fine-000,behavioral,0.2,100,120,20,1.2,1.2,6.0,0.5,12,5,True,1.0,3,103,85,18,True,0,5,0.6903457190957191,0.05,0.0,0.0,False,False,False
1.3.2,redundancy-compensated-pressure-routing,fine-000,behavioral,0.2,100,122,22,1.22,1.22,6.0,0.5,12,5,True,1.0,4,104,85,19,True,0,4.942622950819672,0.6851761171433303,0.04918032786885246,0.0,0.0,False,False,False
1.3.2,redundancy-compensated-pressure-routing,fine-000,behavioral,0.2,100,125,25,1.25,1.25,6.0,0.5,12,5,True,1.0,7,107,85,22,True,0,4.936,0.6847318903318903,0.048,0.0,0.0,False,False,False
1.3.2,redundancy-compensated-pressure-routing,fine-000,behavioral,0.2,100,128,28,1.28,1.28,6.0,0.5,12,5,True,1.0,10,110,85,25,True,0,4.96875,0.6889122812950937,0.046875,0.0,0.0,False,False,False
1.3.2,redundancy-compensated-pressure-routing,fine-000,behavioral,0.2,100,130,30,1.3,1.3,6.0,0.5,12,5,True,1.0,12,112,85,27,True,0,4.946153846153846,0.6898520923520923,0.046153846153846156,0.0,0.0,False,False,False
1.3.2,redundancy-compensated-pressure-routing,fine-001,random,0.2,100,120,20,1.2,1.2,6.0,0.5,12,5,True,1.0,3,103,85,18,False,74,4.925,0.6935936748436748,0.075,0.0,1.275,False,False,False
1.3.2,redundancy-compensated-pressure-routing,fine-001,random,0.2,100,122,22,1.22,1.22,6.0,0.5,12,5,True,1.0,5,105,85,20,False,76,4.959016393442623,0.6958844889172758,0.07377049180327869,0.0,1.278688524590164,False,False,False
1.3.2,redundancy-compensated-pressure-routing,fine-001,random,0.2,100,125,25,1.25,1.25,6.0,0.5,12,5,True,1.0,7,107,85,22,False,77,4.864,0.6885165945165945,0.072,0.0,1.256,False,False,False
1.3.2,redundancy-compensated-pressure-routing,fine-001,random,0.2,100,128,28,1.28,1.28,6.0,0.5,12,5,True,1.0,10,110,85,25,False,79,4.875,0.6899576118326118,0.0703125,0.0,1.2734375,False,False,False
1.3.2,redundancy-compensated-pressure-routing,fine-001,random,0.2,100,130,30,1.3,1.3,6.0,0.5,12,5,True,1.0,12,112,85,27,False,81,4.946153846153846,0.6932317682317682,0.06923076923076923,0.0,1.3,False,False,False
1.3.2,redundancy-compensated-pressure-routing,fine-001,targeted,0.2,100,120,20,1.2,1.2,6.0,0.5,12,5,True,1.0,3,103,85,18,False,82,4.925,0.6935936748436748,0.075,0.0,2.2,False,False,False
1.3.2,redundancy-compensated-pressure-routing,fine-001,targeted,0.2,100,122,22,1.22,1.22,6.0,0.5,12,5,True,1.0,5,105,85,20,False,84,4.959016393442623,0.6958844889172758,0.07377049180327869,0.0,2.2131147540983607,False,False,False
1.3.2,redundancy-compensated-pressure-routing,fine-001,targeted,0.2,100,125,25,1.25,1.25,6.0,0.5,12,5,True,1.0,7,107,85,22,False,86,4.864,0.6885165945165945,0.072,0.0,2.176,False,False,False
1.3.2,redundancy-compensated-pressure-routing,fine-001,targeted,0.2,100,128,28,1.28,1.28,6.0,0.5,12,5,True,1.0,10,110,85,25,False,88,4.875,0.6899576118326118,0.0703125,0.0,2.171875,False,False,False
1.3.2,redundancy-compensated-pressure-routing,fine-001,targeted,0.2,100,130,30,1.3,1.3,6.0,0.5,12,5,True,1.0,12,112,85,27,False,90,4.946153846153846,0.6932317682317682,0.06923076923076923,0.0,2.230769230769231,False,False,False
1.3.2,redundancy-compensated-pressure-routing,fine-001,behavioral,0.2,100,120,20,1.2,1.2,6.0,0.5,12,5,True,1.0,0,100,82,18,True,0,4.758333333333334,0.6800324675324675,0.125,0.0,0.0,False,False,False
1.3.2,redundancy-compensated-pressure-routing,fine-001,behavioral,0.2,100,122,22,1.22,1.22,6.0,0.5,12,5,True,1.0,2,102,82,20,True,0,4.811475409836065,0.6834563432924089,0.12295081967213115,0.0,0.0,False,False,False
1.3.2,redundancy-compensated-pressure-routing,fine-001,behavioral,0.2,100,125,25,1.25,1.25,6.0,0.5,12,5,True,1.0,4,104,82,22,True,0,4.84,0.6819105339105339,0.12,0.0,0.0,False,False,False
1.3.2,redundancy-compensated-pressure-routing,fine-001,behavioral,0.2,100,128,28,1.28,1.28,6.0,0.5,12,5,True,1.0,7,107,82,25,True,0,4.8359375,0.6844829432720058,0.1171875,0.0,0.0,False,False,False
1.3.2,redundancy-compensated-pressure-routing,fine-001,behavioral,0.2,100,130,30,1.3,1.3,6.0,0.5,12,5,True,1.0,9,109,82,27,True,0,4.823076923076923,0.6856740481740482,0.11538461538461539,0.0,0.0,False,False,False
1.3.2,redundancy-compensated-pressure-routing,fine-002,random,0.2,100,120,20,1.2,1.2,6.0,0.5,12,5,True,1.0,2,102,85,17,False,73,5.025,0.6904825036075036,0.09166666666666666,0.008333333333333333,1.1416666666666666,False,False,False
1.3.2,redundancy-compensated-pressure-routing,fine-002,random,0.2,100,122,22,1.22,1.22,6.0,0.5,12,5,True,1.0,4,104,85,19,False,74,5.065573770491803,0.6935073805975446,0.09016393442622951,0.00819672131147541,1.139344262295082,False,False,False
1.3.2,redundancy-compensated-pressure-routing,fine-002,random,0.2,100,125,25,1.25,1.25,6.0,0.5,12,5,True,1.0,5,105,85,20,False,75,4.976,0.6832632034632035,0.088,0.008,1.12,False,False,False
1.3.2,redundancy-compensated-pressure-routing,fine-002,random,0.2,100,128,28,1.28,1.28,6.0,0.5,12,5,True,1.0,8,108,85,23,False,78,4.9921875,0.686129430465368,0.0859375,0.0078125,1.140625,False,False,False
1.3.2,redundancy-compensated-pressure-routing,fine-002,random,0.2,100,130,30,1.3,1.3,6.0,0.5,12,5,True,1.0,9,109,85,24,False,79,5.007692307692308,0.6832659007659008,0.08461538461538462,0.007692307692307693,1.146153846153846,False,False,False
1.3.2,redundancy-compensated-pressure-routing,fine-002,targeted,0.2,100,120,20,1.2,1.2,6.0,0.5,12,5,True,1.0,2,102,85,17,False,85,5.025,0.6904825036075036,0.09166666666666666,0.008333333333333333,2.2083333333333335,False,False,False
1.3.2,redundancy-compensated-pressure-routing,fine-002,targeted,0.2,100,122,22,1.22,1.22,6.0,0.5,12,5,True,1.0,4,104,85,19,False,87,5.065573770491803,0.6935073805975446,0.09016393442622951,0.00819672131147541,2.2131147540983607,False,False,False
1.3.2,redundancy-compensated-pressure-routing,fine-002,targeted,0.2,100,125,25,1.25,1.25,6.0,0.5,12,5,True,1.0,5,105,85,20,False,88,4.976,0.6832632034632035,0.088,0.008,2.176,False,False,False
1.3.2,redundancy-compensated-pressure-routing,fine-002,targeted,0.2,100,128,28,1.28,1.28,6.0,0.5,12,5,True,1.0,8,108,85,23,False,90,4.9921875,0.686129430465368,0.0859375,0.0078125,2.171875,False,False,False
1.3.2,redundancy-compensated-pressure-routing,fine-002,targeted,0.2,100,130,30,1.3,1.3,6.0,0.5,12,5,True,1.0,9,109,85,24,False,91,5.007692307692308,0.6832659007659008,0.08461538461538462,0.007692307692307693,2.169230769230769,False,False,False
1.3.2,redundancy-compensated-pressure-routing,fine-002,behavioral,0.2,100,120,20,1.2,1.2,6.0,0.5,12,5,True,1.0,2,102,84,18,True,0,5.35,0.6908531746031746,0.14166666666666666,0.016666666666666666,0.0,False,False,False
1.3.2,redundancy-compensated-pressure-routing,fine-002,behavioral,0.2,100,122,22,1.22,1.22,6.0,0.5,12,5,True,1.0,4,104,84,20,True,0,5.418032786885246,0.6948965651834504,0.13934426229508196,0.01639344262295082,0.0,False,False,False
1.3.2,redundancy-compensated-pressure-routing,fine-002,behavioral,0.2,100,125,25,1.25,1.25,6.0,0.5,12,5,True,1.0,5,105,84,21,True,0,5.32,0.6846190476190476,0.136,0.016,0.0,False,False,False
1.3.2,redundancy-compensated-pressure-routing,fine-002,behavioral,0.2,100,128,28,1.28,1.28,6.0,0.5,12,5,True,1.0,8,108,84,24,True,0,5.25,0.6848493303571429,0.1328125,0.015625,0.0,False,False,False
1.3.2,redundancy-compensated-pressure-routing,fine-002,behavioral,0.2,100,130,30,1.3,1.3,6.0,0.5,12,5,True,1.0,9,109,84,25,True,0,5.246153846153846,0.6813061938061938,0.13076923076923078,0.015384615384615385,0.0,False,False,False
1.3.2,redundancy-compensated-pressure-routing,fine-003,random,0.2,100,120,20,1.2,1.2,6.0,0.5,12,5,True,1.0,3,103,87,16,False,77,5.091666666666667,0.6902197570947571,0.025,0.0,1.2916666666666667,False,False,False
1.3.2,redundancy-compensated-pressure-routing,fine-003,random,0.2,100,122,22,1.22,1.22,6.0,0.5,12,5,True,1.0,4,104,87,17,False,77,5.024590163934426,0.6843691599839141,0.02459016393442623,0.0,1.2704918032786885,False,False,False
1.3.2,redundancy-compensated-pressure-routing,fine-003,random,0.2,100,125,25,1.25,1.25,6.0,0.5,12,5,True,1.0,7,107,87,20,False,79,5.04,0.6873347763347764,0.024,0.0,1.256,False,False,False
1.3.2,redundancy-compensated-pressure-routing,fine-003,random,0.2,100,128,28,1.28,1.28,6.0,0.5,12,5,True,1.0,9,109,87,22,False,80,5.0078125,0.6822338902417028,0.0234375,0.0,1.2421875,False,False,False
1.3.2,redundancy-compensated-pressure-routing,fine-003,random,0.2,100,130,30,1.3,1.3,6.0,0.5,12,5,True,1.0,11,111,87,24,False,82,5.046153846153846,0.6851995226995227,0.023076923076923078,0.0,1.2615384615384615,False,False,False
1.3.2,redundancy-compensated-pressure-routing,fine-003,targeted,0.2,100,120,20,1.2,1.2,6.0,0.5,12,5,True,1.0,3,103,87,16,False,84,5.091666666666667,0.6902197570947571,0.025,0.0,2.158333333333333,False,False,False
1.3.2,redundancy-compensated-pressure-routing,fine-003,targeted,0.2,100,122,22,1.22,1.22,6.0,0.5,12,5,True,1.0,4,104,87,17,False,84,5.024590163934426,0.6843691599839141,0.02459016393442623,0.0,2.1311475409836067,False,False,False
1.3.2,redundancy-compensated-pressure-routing,fine-003,targeted,0.2,100,125,25,1.25,1.25,6.0,0.5,12,5,True,1.0,7,107,87,20,False,87,5.04,0.6873347763347764,0.024,0.0,2.16,False,False,False
1.3.2,redundancy-compensated-pressure-routing,fine-003,targeted,0.2,100,128,28,1.28,1.28,6.0,0.5,12,5,True,1.0,9,109,87,22,False,88,5.0078125,0.6822338902417028,0.0234375,0.0,2.1640625,False,False,False
1.3.2,redundancy-compensated-pressure-routing,fine-003,targeted,0.2,100,130,30,1.3,1.3,6.0,0.5,12,5,True,1.0,11,111,87,24,False,89,5.046153846153846,0.6851995226995227,0.023076923076923078,0.0,2.1538461538461537,False,False,False
1.3.2,redundancy-compensated-pressure-routing,fine-003,behavioral,0.2,100,120,20,1.2,1.2,6.0,0.5,12,5,False,0.97,-3,97,81,16,False,0,4.625,0.6439835858585858,0.058333333333333334,0.025,0.0,False,False,False
1.3.2,redundancy-compensated-pressure-routing,fine-003,behavioral,0.2,100,122,22,1.22,1.22,6.0,0.5,12,5,False,0.99,-1,99,81,18,False,0,4.581967213114754,0.6443554396423249,0.05737704918032787,0.02459016393442623,0.0,False,False,False
1.3.2,redundancy-compensated-pressure-routing,fine-003,behavioral,0.2,100,125,25,1.25,1.25,6.0,0.5,12,5,True,1.0,2,102,81,21,True,0,4.688,0.6509480519480519,0.056,0.024,0.0,False,False,False
1.3.2,redundancy-compensated-pressure-routing,fine-003,behavioral,0.2,100,128,28,1.28,1.28,6.0,0.5,12,5,True,1.0,4,104,81,23,True,0,4.609375,0.6454570819805194,0.0546875,0.0234375,0.0,False,False,False
1.3.2,redundancy-compensated-pressure-routing,fine-003,behavioral,0.2,100,130,30,1.3,1.3,6.0,0.5,12,5,True,1.0,6,106,81,25,True,0,4.561538461538461,0.644501332001332,0.05384615384615385,0.023076923076923078,0.0,False,False,False
1.3.2,redundancy-compensated-pressure-routing,fine-004,random,0.2,100,120,20,1.2,1.2,6.0,0.5,12,5,True,1.0,4,104,86,18,False,69,4.641666666666667,0.6782160894660895,0.03333333333333333,0.0,1.1666666666666667,False,False,False
1.3.2,redundancy-compensated-pressure-routing,fine-004,random,0.2,100,122,22,1.22,1.22,6.0,0.5,12,5,True,1.0,4,104,86,18,False,69,4.565573770491803,0.6670977929174651,0.03278688524590164,0.0,1.1475409836065573,False,False,False
1.3.2,redundancy-compensated-pressure-routing,fine-004,random,0.2,100,125,25,1.25,1.25,6.0,0.5,12,5,True,1.0,7,107,86,21,False,70,4.592,0.6704207792207793,0.032,0.0,1.16,False,False,False
1.3.2,redundancy-compensated-pressure-routing,fine-004,random,0.2,100,128,28,1.28,1.28,6.0,0.5,12,5,True,1.0,10,110,86,24,False,71,4.53125,0.6687702922077922,0.03125,0.0,1.140625,False,False,False
1.3.2,redundancy-compensated-pressure-routing,fine-004,random,0.2,100,130,30,1.3,1.3,6.0,0.5,12,5,True,1.0,12,112,86,26,False,73,4.638461538461539,0.6732251082251082,0.038461538461538464,0.0,1.1846153846153846,False,False,False
1.3.2,redundancy-compensated-pressure-routing,fine-004,targeted,0.2,100,120,20,1.2,1.2,6.0,0.5,12,5,True,1.0,4,104,86,18,False,92,4.641666666666667,0.6782160894660895,0.03333333333333333,0.0,2.1333333333333333,False,False,False
1.3.2,redundancy-compensated-pressure-routing,fine-004,targeted,0.2,100,122,22,1.22,1.22,6.0,0.5,12,5,True,1.0,4,104,86,18,False,92,4.565573770491803,0.6670977929174651,0.03278688524590164,0.0,2.098360655737705,False,False,False
1.3.2,redundancy-compensated-pressure-routing,fine-004,targeted,0.2,100,125,25,1.25,1.25,6.0,0.5,12,5,True,1.0,7,107,86,21,False,95,4.592,0.6704207792207793,0.032,0.0,2.128,False,False,False
1.3.2,redundancy-compensated-pressure-routing,fine-004,targeted,0.2,100,128,28,1.28,1.28,6.0,0.5,12,5,True,1.0,10,110,86,24,False,96,4.53125,0.6687702922077922,0.03125,0.0,2.09375,False,False,False
1.3.2,redundancy-compensated-pressure-routing,fine-004,targeted,0.2,100,130,30,1.3,1.3,6.0,0.5,12,5,True,1.0,12,112,86,26,False,98,4.638461538461539,0.6732251082251082,0.038461538461538464,0.0,2.1307692307692307,False,False,False
1.3.2,redundancy-compensated-pressure-routing,fine-004,behavioral,0.2,100,120,20,1.2,1.2,6.0,0.5,12,5,True,1.0,2,102,85,17,True,0,4.516666666666667,0.6661138167388168,0.05,0.0,0.0,False,False,False
1.3.2,redundancy-compensated-pressure-routing,fine-004,behavioral,0.2,100,122,22,1.22,1.22,6.0,0.5,12,5,True,1.0,3,103,85,18,True,0,4.483606557377049,0.6620245191966504,0.04918032786885246,0.0,0.0,False,False,False
1.3.2,redundancy-compensated-pressure-routing,fine-004,behavioral,0.2,100,125,25,1.25,1.25,6.0,0.5,12,5,True,1.0,5,105,85,20,True,0,4.448,0.6592025974025973,0.048,0.0,0.0,False,False,False
1.3.2,redundancy-compensated-pressure-routing,fine-004,behavioral,0.2,100,128,28,1.28,1.28,6.0,0.5,12,5,True,1.0,8,108,85,23,True,0,4.4921875,0.6636744115259741,0.046875,0.0,0.0,False,False,False
1.3.2,redundancy-compensated-pressure-routing,fine-004,behavioral,0.2,100,130,30,1.3,1.3,6.0,0.5,12,5,True,1.0,10,110,85,25,True,0,4.476923076923077,0.6650024975024975,0.046153846153846156,0.0,0.0,False,False,False
1.3.2,redundancy-compensated-pressure-routing,fine-005,random,0.2,100,120,20,1.2,1.2,6.0,0.5,12,5,True,1.0,8,108,90,18,False,68,4.733333333333333,0.7050393819143819,0.008333333333333333,0.0,1.0,False,False,False
1.3.2,redundancy-compensated-pressure-routing,fine-005,random,0.2,100,122,22,1.22,1.22,6.0,0.5,12,5,True,1.0,10,110,90,20,False,70,4.729508196721311,0.7068693374021243,0.00819672131147541,0.0,1.0,False,False,False
1.3.2,redundancy-compensated-pressure-routing,fine-005,random,0.2,100,125,25,1.25,1.25,6.0,0.5,12,5,True,1.0,13,113,90,23,False,73,4.768,0.7099044733044733,0.008,0.0,1.032,False,False,False
1.3.2,redundancy-compensated-pressure-routing,fine-005,random,0.2,100,128,28,1.28,1.28,6.0,0.5,12,5,True,1.0,16,116,90,26,False,74,4.7265625,0.7096723372113997,0.0078125,0.0,1.015625,False,False,False
1.3.2,redundancy-compensated-pressure-routing,fine-005,random,0.2,100,130,30,1.3,1.3,6.0,0.5,12,5,True,1.0,17,117,90,27,False,74,4.6692307692307695,0.7038825063825064,0.007692307692307693,0.0,1.0,False,False,False
1.3.2,redundancy-compensated-pressure-routing,fine-005,targeted,0.2,100,120,20,1.2,1.2,6.0,0.5,12,5,True,1.0,8,108,90,18,False,81,4.733333333333333,0.7050393819143819,0.008333333333333333,0.0,1.9333333333333333,False,False,False
1.3.2,redundancy-compensated-pressure-routing,fine-005,targeted,0.2,100,122,22,1.22,1.22,6.0,0.5,12,5,True,1.0,10,110,90,20,False,83,4.729508196721311,0.7068693374021243,0.00819672131147541,0.0,1.9426229508196722,False,False,False
1.3.2,redundancy-compensated-pressure-routing,fine-005,targeted,0.2,100,125,25,1.25,1.25,6.0,0.5,12,5,True,1.0,13,113,90,23,False,85,4.768,0.7099044733044733,0.008,0.0,1.928,False,False,False
1.3.2,redundancy-compensated-pressure-routing,fine-005,targeted,0.2,100,128,28,1.28,1.28,6.0,0.5,12,5,True,1.0,16,116,90,26,False,88,4.7265625,0.7096723372113997,0.0078125,0.0,1.9375,False,False,False
1.3.2,redundancy-compensated-pressure-routing,fine-005,targeted,0.2,100,130,30,1.3,1.3,6.0,0.5,12,5,True,1.0,17,117,90,27,False,89,4.6692307692307695,0.7038825063825064,0.007692307692307693,0.0,1.9153846153846155,False,False,False
1.3.2,redundancy-compensated-pressure-routing,fine-005,behavioral,0.2,100,120,20,1.2,1.2,6.0,0.5,12,5,True,1.0,7,107,89,18,True,0,5.375,0.7200817700817701,0.016666666666666666,0.0,0.0,False,False,False
1.3.2,redundancy-compensated-pressure-routing,fine-005,behavioral,0.2,100,122,22,1.22,1.22,6.0,0.5,12,5,True,1.0,9,109,89,20,True,0,5.39344262295082,0.7205722328673149,0.01639344262295082,0.0,0.0,False,False,False
1.3.2,redundancy-compensated-pressure-routing,fine-005,behavioral,0.2,100,125,25,1.25,1.25,6.0,0.5,12,5,True,1.0,11,111,89,22,True,0,5.408,0.7181356421356422,0.016,0.0,0.0,False,False,False
1.3.2,redundancy-compensated-pressure-routing,fine-005,behavioral,0.2,100,128,28,1.28,1.28,6.0,0.5,12,5,True,1.0,14,114,89,25,True,0,5.421875,0.721226213023088,0.015625,0.0,0.0,False,False,False
1.3.2,redundancy-compensated-pressure-routing,fine-005,behavioral,0.2,100,130,30,1.3,1.3,6.0,0.5,12,5,True,1.0,15,115,89,26,True,0,5.369230769230769,0.7162842712842713,0.015384615384615385,0.0,0.0,False,False,False
1.3.2,redundancy-compensated-pressure-routing,fine-006,random,0.2,100,120,20,1.2,1.2,6.0,0.5,12,5,False,0.92,-8,92,76,16,False,62,4.291666666666667,0.6116329966329966,0.016666666666666666,0.025,1.1166666666666667,False,False,False
1.3.2,redundancy-compensated-pressure-routing,fine-006,random,0.2,100,122,22,1.22,1.22,6.0,0.5,12,5,False,0.94,-6,94,76,18,False,63,4.352459016393443,0.6161554065242589,0.01639344262295082,0.02459016393442623,1.1147540983606556,False,False,False
1.3.2,redundancy-compensated-pressure-routing,fine-006,random,0.2,100,125,25,1.25,1.25,6.0,0.5,12,5,False,0.97,-3,97,76,21,False,66,4.424,0.6224248196248197,0.016,0.024,1.136,False,False,False
1.3.2,redundancy-compensated-pressure-routing,fine-006,random,0.2,100,128,28,1.28,1.28,6.0,0.5,12,5,False,0.99,-1,99,76,23,False,68,4.3515625,0.6182534045815296,0.015625,0.0234375,1.1328125,False,False,False
1.3.2,redundancy-compensated-pressure-routing,fine-006,random,0.2,100,130,30,1.3,1.3,6.0,0.5,12,5,True,1.0,1,101,76,25,False,70,4.338461538461538,0.6206648906648906,0.015384615384615385,0.023076923076923078,1.146153846153846,False,False,False
1.3.2,redundancy-compensated-pressure-routing,fine-006,targeted,0.2,100,120,20,1.2,1.2,6.0,0.5,12,5,False,0.92,-8,92,76,16,False,77,4.291666666666667,0.6116329966329966,0.016666666666666666,0.025,1.7416666666666667,False,False,False
1.3.2,redundancy-compensated-pressure-routing,fine-006,targeted,0.2,100,122,22,1.22,1.22,6.0,0.5,12,5,False,0.94,-6,94,76,18,False,79,4.352459016393443,0.6161554065242589,0.01639344262295082,0.02459016393442623,1.7459016393442623,False,False,False
1.3.2,redundancy-compensated-pressure-routing,fine-006,targeted,0.2,100,125,25,1.25,1.25,6.0,0.5,12,5,False,0.97,-3,97,76,21,False,82,4.424,0.6224248196248197,0.016,0.024,1.8,False,False,False
1.3.2,redundancy-compensated-pressure-routing,fine-006,targeted,0.2,100,128,28,1.28,1.28,6.0,0.5,12,5,False,0.99,-1,99,76,23,False,83,4.3515625,0.6182534045815296,0.015625,0.0234375,1.765625,False,False,False
1.3.2,redundancy-compensated-pressure-routing,fine-006,targeted,0.2,100,130,30,1.3,1.3,6.0,0.5,12,5,True,1.0,1,101,76,25,False,84,4.338461538461538,0.6206648906648906,0.015384615384615385,0.023076923076923078,1.7538461538461538,False,False,False
1.3.2,redundancy-compensated-pressure-routing,fine-006,behavioral,0.2,100,120,20,1.2,1.2,6.0,0.5,12,5,True,1.0,0,100,83,17,True,0,4.683333333333334,0.6586592111592111,0.041666666666666664,0.025,0.0,False,False,False
1.3.2,redundancy-compensated-pressure-routing,fine-006,behavioral,0.2,100,122,22,1.22,1.22,6.0,0.5,12,5,True,1.0,2,102,83,19,True,0,4.704918032786885,0.6607775648759255,0.04918032786885246,0.02459016393442623,0.0,False,False,False
1.3.2,redundancy-compensated-pressure-routing,fine-006,behavioral,0.2,100,125,25,1.25,1.25,6.0,0.5,12,5,True,1.0,4,104,83,21,True,0,4.76,0.6601189033189033,0.048,0.024,0.0,False,False,False
1.3.2,redundancy-compensated-pressure-routing,fine-006,behavioral,0.2,100,128,28,1.28,1.28,6.0,0.5,12,5,True,1.0,5,105,83,22,True,0,4.7421875,0.6524598665223665,0.046875,0.0234375,0.0,False,False,False
1.3.2,redundancy-compensated-pressure-routing,fine-006,behavioral,0.2,100,130,30,1.3,1.3,6.0,0.5,12,5,True,1.0,7,107,83,24,True,0,4.8,0.6565245865245866,0.05384615384615385,0.023076923076923078,0.0,False,False,False
1.3.2,redundancy-compensated-pressure-routing,fine-007,random,0.2,100,120,20,1.2,1.2,6.0,0.5,12,5,False,0.97,-3,97,81,16,False,67,4.025,0.6217616642616642,0.016666666666666666,0.0,0.975,False,False,False
1.3.2,redundancy-compensated-pressure-routing,fine-007,random,0.2,100,122,22,1.22,1.22,6.0,0.5,12,5,False,0.99,-1,99,81,18,False,69,4.081967213114754,0.6256398883448063,0.01639344262295082,0.0,0.9918032786885246,False,False,False
1.3.2,redundancy-compensated-pressure-routing,fine-007,random,0.2,100,125,25,1.25,1.25,6.0,0.5,12,5,True,1.0,2,102,81,21,False,70,4.12,0.6304911976911977,0.016,0.0,1.0,False,False,False
1.3.2,redundancy-compensated-pressure-routing,fine-007,random,0.2,100,128,28,1.28,1.28,6.0,0.5,12,5,True,1.0,5,105,81,24,False,73,4.140625,0.6350499977453102,0.015625,0.0,1.015625,False,False,False
1.3.2,redundancy-compensated-pressure-routing,fine-007,random,0.2,100,130,30,1.3,1.3,6.0,0.5,12,5,True,1.0,7,107,81,26,False,75,4.1692307692307695,0.6379723054723054,0.015384615384615385,0.0,1.0153846153846153,False,False,False
1.3.2,redundancy-compensated-pressure-routing,fine-007,targeted,0.2,100,120,20,1.2,1.2,6.0,0.5,12,5,False,0.97,-3,97,81,16,False,78,4.025,0.6217616642616642,0.016666666666666666,0.0,1.8083333333333333,False,False,False
1.3.2,redundancy-compensated-pressure-routing,fine-007,targeted,0.2,100,122,22,1.22,1.22,6.0,0.5,12,5,False,0.99,-1,99,81,18,False,80,4.081967213114754,0.6256398883448063,0.01639344262295082,0.0,1.8114754098360655,False,False,False
1.3.2,redundancy-compensated-pressure-routing,fine-007,targeted,0.2,100,125,25,1.25,1.25,6.0,0.5,12,5,True,1.0,2,102,81,21,False,83,4.12,0.6304911976911977,0.016,0.0,1.824,False,False,False
1.3.2,redundancy-compensated-pressure-routing,fine-007,targeted,0.2,100,128,28,1.28,1.28,6.0,0.5,12,5,True,1.0,5,105,81,24,False,86,4.140625,0.6350499977453102,0.015625,0.0,1.8125,False,False,False
1.3.2,redundancy-compensated-pressure-routing,fine-007,targeted,0.2,100,130,30,1.3,1.3,6.0,0.5,12,5,True,1.0,7,107,81,26,False,87,4.1692307692307695,0.6379723054723054,0.015384615384615385,0.0,1.8307692307692307,False,False,False
1.3.2,redundancy-compensated-pressure-routing,fine-007,behavioral,0.2,100,120,20,1.2,1.2,6.0,0.5,12,5,False,0.97,-3,97,82,15,False,0,4.566666666666666,0.6420454545454546,0.041666666666666664,0.0,0.0,False,False,False
1.3.2,redundancy-compensated-pressure-routing,fine-007,behavioral,0.2,100,122,22,1.22,1.22,6.0,0.5,12,5,False,0.99,-1,99,82,17,False,0,4.598360655737705,0.6454545454545455,0.040983606557377046,0.0,0.0,False,False,False
1.3.2,redundancy-compensated-pressure-routing,fine-007,behavioral,0.2,100,125,25,1.25,1.25,6.0,0.5,12,5,True,1.0,2,102,82,20,True,0,4.616,0.6495636363636363,0.04,0.0,0.0,False,False,False
1.3.2,redundancy-compensated-pressure-routing,fine-007,behavioral,0.2,100,128,28,1.28,1.28,6.0,0.5,12,5,True,1.0,5,105,82,23,True,0,4.75,0.6568004261363636,0.0390625,0.0,0.0,False,False,False
1.3.2,redundancy-compensated-pressure-routing,fine-007,behavioral,0.2,100,130,30,1.3,1.3,6.0,0.5,12,5,True,1.0,7,107,82,25,True,0,4.8,0.660541958041958,0.038461538461538464,0.0,0.0,False,False,False
1.3.2,redundancy-compensated-pressure-routing,fine-008,random,0.2,100,120,20,1.2,1.2,6.0,0.5,12,5,False,0.95,-5,95,80,15,False,67,4.775,0.6377239658489658,0.06666666666666667,0.025,1.125,False,False,False
1.3.2,redundancy-compensated-pressure-routing,fine-008,random,0.2,100,122,22,1.22,1.22,6.0,0.5,12,5,False,0.97,-3,97,80,17,False,68,4.778688524590164,0.6387448844416057,0.06557377049180328,0.02459016393442623,1.1311475409836065,False,False,False
1.3.2,redundancy-compensated-pressure-routing,fine-008,random,0.2,100,125,25,1.25,1.25,6.0,0.5,12,5,True,1.0,0,100,80,20,False,70,4.84,0.6446721500721501,0.064,0.024,1.144,False,False,False
1.3.2,redundancy-compensated-pressure-routing,fine-008,random,0.2,100,128,28,1.28,1.28,6.0,0.5,12,5,True,1.0,1,101,80,21,False,71,4.8203125,0.6373751465548341,0.0625,0.0234375,1.1328125,False,False,False
1.3.2,redundancy-compensated-pressure-routing,fine-008,random,0.2,100,130,30,1.3,1.3,6.0,0.5,12,5,True,1.0,3,103,80,23,False,71,4.7615384615384615,0.6352616827616827,0.06153846153846154,0.023076923076923078,1.1153846153846154,False,False,False
1.3.2,redundancy-compensated-pressure-routing,fine-008,targeted,0.2,100,120,20,1.2,1.2,6.0,0.5,12,5,False,0.95,-5,95,80,15,False,85,4.775,0.6377239658489658,0.06666666666666667,0.025,1.9,False,False,False
1.3.2,redundancy-compensated-pressure-routing,fine-008,targeted,0.2,100,122,22,1.22,1.22,6.0,0.5,12,5,False,0.97,-3,97,80,17,False,87,4.778688524590164,0.6387448844416057,0.06557377049180328,0.02459016393442623,1.8934426229508197,False,False,False
1.3.2,redundancy-compensated-pressure-routing,fine-008,targeted,0.2,100,125,25,1.25,1.25,6.0,0.5,12,5,True,1.0,0,100,80,20,False,90,4.84,0.6446721500721501,0.064,0.024,1.904,False,False,False
1.3.2,redundancy-compensated-pressure-routing,fine-008,targeted,0.2,100,128,28,1.28,1.28,6.0,0.5,12,5,True,1.0,1,101,80,21,False,91,4.8203125,0.6373751465548341,0.0625,0.0234375,1.8828125,False,False,False
1.3.2,redundancy-compensated-pressure-routing,fine-008,targeted,0.2,100,130,30,1.3,1.3,6.0,0.5,12,5,True,1.0,3,103,80,23,False,91,4.7615384615384615,0.6352616827616827,0.06153846153846154,0.023076923076923078,1.853846153846154,False,False,False
1.3.2,redundancy-compensated-pressure-routing,fine-008,behavioral,0.2,100,120,20,1.2,1.2,6.0,0.5,12,5,False,0.92,-8,92,75,17,False,0,4.358333333333333,0.6190530303030303,0.016666666666666666,0.041666666666666664,0.0,False,False,False
1.3.2,redundancy-compensated-pressure-routing,fine-008,behavioral,0.2,100,122,22,1.22,1.22,6.0,0.5,12,5,False,0.94,-6,94,75,19,False,0,4.327868852459017,0.6195603576751118,0.01639344262295082,0.040983606557377046,0.0,False,False,False
1.3.2,redundancy-compensated-pressure-routing,fine-008,behavioral,0.2,100,125,25,1.25,1.25,6.0,0.5,12,5,False,0.97,-3,97,75,22,False,0,4.328,0.6231353535353535,0.016,0.04,0.0,False,False,False
1.3.2,redundancy-compensated-pressure-routing,fine-008,behavioral,0.2,100,128,28,1.28,1.28,6.0,0.5,12,5,False,0.98,-2,98,75,23,False,0,4.3203125,0.6163431186868686,0.015625,0.0390625,0.0,False,False,False
1.3.2,redundancy-compensated-pressure-routing,fine-008,behavioral,0.2,100,130,30,1.3,1.3,6.0,0.5,12,5,True,1.0,0,100,75,25,True,0,4.3307692307692305,0.6214763014763015,0.015384615384615385,0.046153846153846156,0.0,False,False,False
1.3.2,redundancy-compensated-pressure-routing,fine-009,random,0.2,100,120,20,1.2,1.2,6.0,0.5,12,5,False,0.98,-2,98,82,16,False,67,4.566666666666666,0.6373175204425204,0.016666666666666666,0.0,1.15,False,False,False
1.3.2,redundancy-compensated-pressure-routing,fine-009,random,0.2,100,122,22,1.22,1.22,6.0,0.5,12,5,False,0.98,-2,98,82,16,False,67,4.491803278688525,0.6268696922385447,0.01639344262295082,0.0,1.1311475409836065,False,False,False
1.3.2,redundancy-compensated-pressure-routing,fine-009,random,0.2,100,125,25,1.25,1.25,6.0,0.5,12,5,True,1.0,1,101,82,19,False,69,4.48,0.6304152958152958,0.016,0.0,1.136,False,False,False
1.3.2,redundancy-compensated-pressure-routing,fine-009,random,0.2,100,128,28,1.28,1.28,6.0,0.5,12,5,True,1.0,4,104,82,22,False,72,4.5234375,0.6347061575577201,0.015625,0.0,1.15625,False,False,False
1.3.2,redundancy-compensated-pressure-routing,fine-009,random,0.2,100,130,30,1.3,1.3,6.0,0.5,12,5,True,1.0,5,105,82,23,False,73,4.484615384615385,0.6310952935952936,0.015384615384615385,0.0,1.146153846153846,False,False,False
1.3.2,redundancy-compensated-pressure-routing,fine-009,targeted,0.2,100,120,20,1.2,1.2,6.0,0.5,12,5,False,0.98,-2,98,82,16,False,87,4.566666666666666,0.6373175204425204,0.016666666666666666,0.0,2.1333333333333333,False,False,False
1.3.2,redundancy-compensated-pressure-routing,fine-009,targeted,0.2,100,122,22,1.22,1.22,6.0,0.5,12,5,False,0.98,-2,98,82,16,False,87,4.491803278688525,0.6268696922385447,0.01639344262295082,0.0,2.098360655737705,False,False,False
1.3.2,redundancy-compensated-pressure-routing,fine-009,targeted,0.2,100,125,25,1.25,1.25,6.0,0.5,12,5,True,1.0,1,101,82,19,False,90,4.48,0.6304152958152958,0.016,0.0,2.096,False,False,False
1.3.2,redundancy-compensated-pressure-routing,fine-009,targeted,0.2,100,128,28,1.28,1.28,6.0,0.5,12,5,True,1.0,4,104,82,22,False,93,4.5234375,0.6347061575577201,0.015625,0.0,2.1171875,False,False,False
1.3.2,redundancy-compensated-pressure-routing,fine-009,targeted,0.2,100,130,30,1.3,1.3,6.0,0.5,12,5,True,1.0,5,105,82,23,False,94,4.484615384615385,0.6310952935952936,0.015384615384615385,0.0,2.1,False,False,False
1.3.2,redundancy-compensated-pressure-routing,fine-009,behavioral,0.2,100,120,20,1.2,1.2,6.0,0.5,12,5,True,1.0,3,103,86,17,True,0,4.916666666666667,0.6786895743145743,0.016666666666666666,0.0,0.0,False,False,False
1.3.2,redundancy-compensated-pressure-routing,fine-009,behavioral,0.2,100,122,22,1.22,1.22,6.0,0.5,12,5,True,1.0,4,104,86,18,True,0,4.844262295081967,0.6716618763749911,0.01639344262295082,0.0,0.0,False,False,False
1.3.2,redundancy-compensated-pressure-routing,fine-009,behavioral,0.2,100,125,25,1.25,1.25,6.0,0.5,12,5,True,1.0,7,107,86,21,True,0,4.832,0.6745419913419913,0.016,0.0,0.0,False,False,False
1.3.2,redundancy-compensated-pressure-routing,fine-009,behavioral,0.2,100,128,28,1.28,1.28,6.0,0.5,12,5,True,1.0,10,110,86,24,True,0,4.9296875,0.6802167884199134,0.0234375,0.0,0.0,False,False,False
1.3.2,redundancy-compensated-pressure-routing,fine-009,behavioral,0.2,100,130,30,1.3,1.3,6.0,0.5,12,5,True,1.0,10,110,86,24,True,0,4.8538461538461535,0.6697519147519148,0.023076923076923078,0.0,0.0,False,False,False
1.3.2,redundancy-compensated-pressure-routing,fine-010,random,0.2,100,120,20,1.2,1.2,6.0,0.5,12,5,False,0.97,-3,97,79,18,False,62,4.9,0.6511862674362674,0.025,0.0,1.1,False,False,False
1.3.2,redundancy-compensated-pressure-routing,fine-010,random,0.2,100,122,22,1.22,1.22,6.0,0.5,12,5,False,0.99,-1,99,79,20,False,63,4.926229508196721,0.6547089749958602,0.02459016393442623,0.0,1.0901639344262295,False,False,False
1.3.2,redundancy-compensated-pressure-routing,fine-010,random,0.2,100,125,25,1.25,1.25,6.0,0.5,12,5,True,1.0,1,101,79,22,False,65,4.88,0.6520626262626262,0.024,0.0,1.096,False,False,False
1.3.2,redundancy-compensated-pressure-routing,fine-010,random,0.2,100,128,28,1.28,1.28,6.0,0.5,12,5,True,1.0,3,103,79,24,False,67,4.859375,0.6501727656024531,0.0234375,0.0,1.0859375,False,False,False
1.3.2,redundancy-compensated-pressure-routing,fine-010,random,0.2,100,130,30,1.3,1.3,6.0,0.5,12,5,True,1.0,5,105,79,26,False,68,4.861538461538461,0.6529173604173604,0.023076923076923078,0.0,1.0769230769230769,False,False,False
1.3.2,redundancy-compensated-pressure-routing,fine-010,targeted,0.2,100,120,20,1.2,1.2,6.0,0.5,12,5,False,0.97,-3,97,79,18,False,82,4.9,0.6511862674362674,0.025,0.0,1.8083333333333333,False,False,False
1.3.2,redundancy-compensated-pressure-routing,fine-010,targeted,0.2,100,122,22,1.22,1.22,6.0,0.5,12,5,False,0.99,-1,99,79,20,False,84,4.926229508196721,0.6547089749958602,0.02459016393442623,0.0,1.8360655737704918,False,False,False
1.3.2,redundancy-compensated-pressure-routing,fine-010,targeted,0.2,100,125,25,1.25,1.25,6.0,0.5,12,5,True,1.0,1,101,79,22,False,86,4.88,0.6520626262626262,0.024,0.0,1.824,False,False,False
1.3.2,redundancy-compensated-pressure-routing,fine-010,targeted,0.2,100,128,28,1.28,1.28,6.0,0.5,12,5,True,1.0,3,103,79,24,False,88,4.859375,0.6501727656024531,0.0234375,0.0,1.828125,False,False,False
1.3.2,redundancy-compensated-pressure-routing,fine-010,targeted,0.2,100,130,30,1.3,1.3,6.0,0.5,12,5,True,1.0,5,105,79,26,False,90,4.861538461538461,0.6529173604173604,0.023076923076923078,0.0,1.8384615384615384,False,False,False
1.3.2,redundancy-compensated-pressure-routing,fine-010,behavioral,0.2,100,120,20,1.2,1.2,6.0,0.5,12,5,False,0.98,-2,98,81,17,False,0,4.308333333333334,0.637820165945166,0.025,0.016666666666666666,0.0,False,False,False
1.3.2,redundancy-compensated-pressure-routing,fine-010,behavioral,0.2,100,122,22,1.22,1.22,6.0,0.5,12,5,True,1.0,0,100,81,19,True,0,4.327868852459017,0.6389140231353346,0.03278688524590164,0.01639344262295082,0.0,False,False,False
1.3.2,redundancy-compensated-pressure-routing,fine-010,behavioral,0.2,100,125,25,1.25,1.25,6.0,0.5,12,5,True,1.0,3,103,81,22,True,0,4.4,0.6445800865800866,0.032,0.016,0.0,False,False,False
1.3.2,redundancy-compensated-pressure-routing,fine-010,behavioral,0.2,100,128,28,1.28,1.28,6.0,0.5,12,5,True,1.0,5,105,81,24,True,0,4.359375,0.6418425324675324,0.03125,0.015625,0.0,False,False,False
1.3.2,redundancy-compensated-pressure-routing,fine-010,behavioral,0.2,100,130,30,1.3,1.3,6.0,0.5,12,5,True,1.0,6,106,81,25,True,0,4.3538461538461535,0.6388056388056388,0.03076923076923077,0.015384615384615385,0.0,False,False,False
1.3.2,redundancy-compensated-pressure-routing,fine-011,random,0.2,100,120,20,1.2,1.2,6.0,0.5,12,5,True,1.0,2,102,89,13,False,76,4.791666666666667,0.6699558080808081,0.05,0.0,1.2333333333333334,False,False,False
1.3.2,redundancy-compensated-pressure-routing,fine-011,random,0.2,100,122,22,1.22,1.22,6.0,0.5,12,5,True,1.0,4,104,89,15,False,78,4.786885245901639,0.672146228088851,0.04918032786885246,0.0,1.2377049180327868,False,False,False
1.3.2,redundancy-compensated-pressure-routing,fine-011,random,0.2,100,125,25,1.25,1.25,6.0,0.5,12,5,True,1.0,7,107,89,18,False,81,4.816,0.675748051948052,0.048,0.0,1.264,False,False,False
1.3.2,redundancy-compensated-pressure-routing,fine-011,random,0.2,100,128,28,1.28,1.28,6.0,0.5,12,5,True,1.0,10,110,89,21,False,83,4.859375,0.6800273944805195,0.046875,0.0,1.28125,False,False,False
1.3.2,redundancy-compensated-pressure-routing,fine-011,random,0.2,100,130,30,1.3,1.3,6.0,0.5,12,5,True,1.0,11,111,89,22,False,83,4.8,0.6746936396936397,0.046153846153846156,0.0,1.2692307692307692,False,False,False
1.3.2,redundancy-compensated-pressure-routing,fine-011,targeted,0.2,100,120,20,1.2,1.2,6.0,0.5,12,5,True,1.0,2,102,89,13,False,79,4.791666666666667,0.6699558080808081,0.05,0.0,1.9166666666666667,False,False,False
1.3.2,redundancy-compensated-pressure-routing,fine-011,targeted,0.2,100,122,22,1.22,1.22,6.0,0.5,12,5,True,1.0,4,104,89,15,False,81,4.786885245901639,0.672146228088851,0.04918032786885246,0.0,1.9098360655737705,False,False,False
1.3.2,redundancy-compensated-pressure-routing,fine-011,targeted,0.2,100,125,25,1.25,1.25,6.0,0.5,12,5,True,1.0,7,107,89,18,False,83,4.816,0.675748051948052,0.048,0.0,1.904,False,False,False
1.3.2,redundancy-compensated-pressure-routing,fine-011,targeted,0.2,100,128,28,1.28,1.28,6.0,0.5,12,5,True,1.0,10,110,89,21,False,86,4.859375,0.6800273944805195,0.046875,0.0,1.9375,False,False,False
1.3.2,redundancy-compensated-pressure-routing,fine-011,targeted,0.2,100,130,30,1.3,1.3,6.0,0.5,12,5,True,1.0,11,111,89,22,False,86,4.8,0.6746936396936397,0.046153846153846156,0.0,1.9076923076923078,False,False,False
1.3.2,redundancy-compensated-pressure-routing,fine-011,behavioral,0.2,100,120,20,1.2,1.2,6.0,0.5,12,5,True,1.0,0,100,87,13,True,0,4.458333333333333,0.6499299543049543,0.08333333333333333,0.0,0.0,False,False,False
1.3.2,redundancy-compensated-pressure-routing,fine-011,behavioral,0.2,100,122,22,1.22,1.22,6.0,0.5,12,5,True,1.0,2,102,87,15,True,0,4.532786885245901,0.6544978473257161,0.08196721311475409,0.0,0.0,False,False,False
1.3.2,redundancy-compensated-pressure-routing,fine-011,behavioral,0.2,100,125,25,1.25,1.25,6.0,0.5,12,5,True,1.0,4,104,87,17,True,0,4.472,0.6505232323232323,0.08,0.0,0.0,False,False,False
1.3.2,redundancy-compensated-pressure-routing,fine-011,behavioral,0.2,100,128,28,1.28,1.28,6.0,0.5,12,5,True,1.0,6,106,87,19,True,0,4.4921875,0.6493390940656566,0.078125,0.0,0.0,False,False,False
1.3.2,redundancy-compensated-pressure-routing,fine-011,behavioral,0.2,100,130,30,1.3,1.3,6.0,0.5,12,5,True,1.0,7,107,87,20,True,0,4.438461538461539,0.644477466977467,0.07692307692307693,0.0,0.0,False,False,False
1.3.2,redundancy-compensated-pressure-routing,fine-012,random,0.2,100,120,20,1.2,1.2,6.0,0.5,12,5,True,1.0,4,104,86,18,False,71,4.916666666666667,0.6789342833092833,0.008333333333333333,0.0,1.075,False,False,False
1.3.2,redundancy-compensated-pressure-routing,fine-012,random,0.2,100,122,22,1.22,1.22,6.0,0.5,12,5,True,1.0,6,106,86,20,False,73,4.959016393442623,0.6821484753861803,0.01639344262295082,0.0,1.0819672131147542,False,False,False
1.3.2,redundancy-compensated-pressure-routing,fine-012,random,0.2,100,125,25,1.25,1.25,6.0,0.5,12,5,True,1.0,8,108,86,22,False,75,4.944,0.6777769119769119,0.016,0.0,1.088,False,False,False
1.3.2,redundancy-compensated-pressure-routing,fine-012,random,0.2,100,128,28,1.28,1.28,6.0,0.5,12,5,True,1.0,11,111,86,25,False,77,4.8515625,0.6736102656024531,0.015625,0.0,1.078125,False,False,False
1.3.2,redundancy-compensated-pressure-routing,fine-012,random,0.2,100,130,30,1.3,1.3,6.0,0.5,12,5,True,1.0,13,113,86,27,False,78,4.876923076923077,0.6747854922854922,0.015384615384615385,0.0,1.0923076923076922,False,False,False
1.3.2,redundancy-compensated-pressure-routing,fine-012,targeted,0.2,100,120,20,1.2,1.2,6.0,0.5,12,5,True,1.0,4,104,86,18,False,88,4.916666666666667,0.6789342833092833,0.008333333333333333,0.0,1.875,False,False,False
1.3.2,redundancy-compensated-pressure-routing,fine-012,targeted,0.2,100,122,22,1.22,1.22,6.0,0.5,12,5,True,1.0,6,106,86,20,False,90,4.959016393442623,0.6821484753861803,0.01639344262295082,0.0,1.8852459016393444,False,False,False
1.3.2,redundancy-compensated-pressure-routing,fine-012,targeted,0.2,100,125,25,1.25,1.25,6.0,0.5,12,5,True,1.0,8,108,86,22,False,91,4.944,0.6777769119769119,0.016,0.0,1.872,False,False,False
1.3.2,redundancy-compensated-pressure-routing,fine-012,targeted,0.2,100,128,28,1.28,1.28,6.0,0.5,12,5,True,1.0,11,111,86,25,False,93,4.8515625,0.6736102656024531,0.015625,0.0,1.8515625,False,False,False
1.3.2,redundancy-compensated-pressure-routing,fine-012,targeted,0.2,100,130,30,1.3,1.3,6.0,0.5,12,5,True,1.0,13,113,86,27,False,94,4.876923076923077,0.6747854922854922,0.015384615384615385,0.0,1.8615384615384616,False,False,False
1.3.2,redundancy-compensated-pressure-routing,fine-012,behavioral,0.2,100,120,20,1.2,1.2,6.0,0.5,12,5,True,1.0,8,108,89,19,True,0,5.891666666666667,0.7446482683982684,0.08333333333333333,0.0,0.0,False,False,False
1.3.2,redundancy-compensated-pressure-routing,fine-012,behavioral,0.2,100,122,22,1.22,1.22,6.0,0.5,12,5,True,1.0,10,110,89,21,True,0,5.918032786885246,0.7465119579873678,0.08196721311475409,0.0,0.0,False,False,False
1.3.2,redundancy-compensated-pressure-routing,fine-012,behavioral,0.2,100,125,25,1.25,1.25,6.0,0.5,12,5,True,1.0,12,112,89,23,True,0,5.896,0.742595670995671,0.08,0.0,0.0,False,False,False
1.3.2,redundancy-compensated-pressure-routing,fine-012,behavioral,0.2,100,128,28,1.28,1.28,6.0,0.5,12,5,True,1.0,14,114,89,25,True,0,5.8046875,0.7356077516233767,0.078125,0.0,0.0,False,False,False
1.3.2,redundancy-compensated-pressure-routing,fine-012,behavioral,0.2,100,130,30,1.3,1.3,6.0,0.5,12,5,True,1.0,16,116,89,27,True,0,5.8076923076923075,0.7372821622821623,0.07692307692307693,0.0,0.0,False,False,False
1.3.2,redundancy-compensated-pressure-routing,fine-013,random,0.2,100,120,20,1.2,1.2,6.0,0.5,12,5,False,0.94,-6,94,77,17,False,60,4.241666666666666,0.62179803992304,0.0,0.0,0.9916666666666667,False,False,False
1.3.2,redundancy-compensated-pressure-routing,fine-013,random,0.2,100,122,22,1.22,1.22,6.0,0.5,12,5,False,0.96,-4,96,77,19,False,61,4.245901639344262,0.6247779315402266,0.0,0.0,0.9836065573770492,False,False,False
1.3.2,redundancy-compensated-pressure-routing,fine-013,random,0.2,100,125,25,1.25,1.25,6.0,0.5,12,5,False,0.98,-2,98,77,21,False,63,4.288,0.6241165945165945,0.0,0.0,1.016,False,False,False
1.3.2,redundancy-compensated-pressure-routing,fine-013,random,0.2,100,128,28,1.28,1.28,6.0,0.5,12,5,True,1.0,1,101,77,24,False,64,4.2578125,0.6257649034992785,0.0,0.0,1.015625,False,False,False
1.3.2,redundancy-compensated-pressure-routing,fine-013,random,0.2,100,130,30,1.3,1.3,6.0,0.5,12,5,True,1.0,2,102,77,25,False,65,4.2,0.619983904983905,0.0,0.0,1.0153846153846153,False,False,False
1.3.2,redundancy-compensated-pressure-routing,fine-013,targeted,0.2,100,120,20,1.2,1.2,6.0,0.5,12,5,False,0.94,-6,94,77,17,False,78,4.241666666666666,0.62179803992304,0.0,0.0,1.7416666666666667,False,False,False
1.3.2,redundancy-compensated-pressure-routing,fine-013,targeted,0.2,100,122,22,1.22,1.22,6.0,0.5,12,5,False,0.96,-4,96,77,19,False,80,4.245901639344262,0.6247779315402266,0.0,0.0,1.7540983606557377,False,False,False
1.3.2,redundancy-compensated-pressure-routing,fine-013,targeted,0.2,100,125,25,1.25,1.25,6.0,0.5,12,5,False,0.98,-2,98,77,21,False,82,4.288,0.6241165945165945,0.0,0.0,1.768,False,False,False
1.3.2,redundancy-compensated-pressure-routing,fine-013,targeted,0.2,100,128,28,1.28,1.28,6.0,0.5,12,5,True,1.0,1,101,77,24,False,84,4.2578125,0.6257649034992785,0.0,0.0,1.75,False,False,False
1.3.2,redundancy-compensated-pressure-routing,fine-013,targeted,0.2,100,130,30,1.3,1.3,6.0,0.5,12,5,True,1.0,2,102,77,25,False,84,4.2,0.619983904983905,0.0,0.0,1.7230769230769232,False,False,False
1.3.2,redundancy-compensated-pressure-routing,fine-013,behavioral,0.2,100,120,20,1.2,1.2,6.0,0.5,12,5,False,0.99,-1,99,83,16,False,0,4.666666666666667,0.6416922198172198,0.03333333333333333,0.0,0.0,False,False,False
1.3.2,redundancy-compensated-pressure-routing,fine-013,behavioral,0.2,100,122,22,1.22,1.22,6.0,0.5,12,5,True,1.0,1,101,83,18,True,0,4.663934426229508,0.6443459773377807,0.03278688524590164,0.0,0.0,False,False,False
1.3.2,redundancy-compensated-pressure-routing,fine-013,behavioral,0.2,100,125,25,1.25,1.25,6.0,0.5,12,5,True,1.0,4,104,83,21,True,0,4.768,0.6508816738816738,0.032,0.0,0.0,False,False,False
1.3.2,redundancy-compensated-pressure-routing,fine-013,behavioral,0.2,100,128,28,1.28,1.28,6.0,0.5,12,5,True,1.0,7,107,83,24,True,0,4.7578125,0.6528792388167388,0.03125,0.0,0.0,False,False,False
1.3.2,redundancy-compensated-pressure-routing,fine-013,behavioral,0.2,100,130,30,1.3,1.3,6.0,0.5,12,5,True,1.0,8,108,83,25,True,0,4.6923076923076925,0.6466810966810966,0.03076923076923077,0.0,0.0,False,False,False
1.3.2,redundancy-compensated-pressure-routing,fine-014,random,0.2,100,120,20,1.2,1.2,6.0,0.5,12,5,True,1.0,1,101,84,17,False,71,5,0.6764871933621933,0.06666666666666667,0.0,1.3,False,False,False
1.3.2,redundancy-compensated-pressure-routing,fine-014,random,0.2,100,122,22,1.22,1.22,6.0,0.5,12,5,True,1.0,3,103,84,19,False,73,5.024590163934426,0.6776923213398623,0.06557377049180328,0.0,1.2950819672131149,False,False,False
1.3.2,redundancy-compensated-pressure-routing,fine-014,random,0.2,100,125,25,1.25,1.25,6.0,0.5,12,5,True,1.0,6,106,84,22,False,76,5.056,0.6814277056277056,0.064,0.0,1.312,False,False,False
1.3.2,redundancy-compensated-pressure-routing,fine-014,random,0.2,100,128,28,1.28,1.28,6.0,0.5,12,5,True,1.0,8,108,84,24,False,77,5.0078125,0.6763074382215007,0.0625,0.0,1.296875,False,False,False
1.3.2,redundancy-compensated-pressure-routing,fine-014,random,0.2,100,130,30,1.3,1.3,6.0,0.5,12,5,True,1.0,9,109,84,25,False,78,4.946153846153846,0.673595016095016,0.06153846153846154,0.0,1.3,False,False,False
1.3.2,redundancy-compensated-pressure-routing,fine-014,targeted,0.2,100,120,20,1.2,1.2,6.0,0.5,12,5,True,1.0,1,101,84,17,False,90,5,0.6764871933621933,0.06666666666666667,0.0,2.0166666666666666,False,False,False
1.3.2,redundancy-compensated-pressure-routing,fine-014,targeted,0.2,100,122,22,1.22,1.22,6.0,0.5,12,5,True,1.0,3,103,84,19,False,91,5.024590163934426,0.6776923213398623,0.06557377049180328,0.0,2.0327868852459017,False,False,False
1.3.2,redundancy-compensated-pressure-routing,fine-014,targeted,0.2,100,125,25,1.25,1.25,6.0,0.5,12,5,True,1.0,6,106,84,22,False,93,5.056,0.6814277056277056,0.064,0.0,2.024,False,False,False
1.3.2,redundancy-compensated-pressure-routing,fine-014,targeted,0.2,100,128,28,1.28,1.28,6.0,0.5,12,5,True,1.0,8,108,84,24,False,94,5.0078125,0.6763074382215007,0.0625,0.0,2.0,False,False,False
1.3.2,redundancy-compensated-pressure-routing,fine-014,targeted,0.2,100,130,30,1.3,1.3,6.0,0.5,12,5,True,1.0,9,109,84,25,False,94,4.946153846153846,0.673595016095016,0.06153846153846154,0.0,1.9692307692307693,False,False,False
1.3.2,redundancy-compensated-pressure-routing,fine-014,behavioral,0.2,100,120,20,1.2,1.2,6.0,0.5,12,5,True,1.0,2,102,85,17,True,0,4.941666666666666,0.6858919552669552,0.075,0.008333333333333333,0.0,False,False,False
1.3.2,redundancy-compensated-pressure-routing,fine-014,behavioral,0.2,100,122,22,1.22,1.22,6.0,0.5,12,5,True,1.0,3,103,85,18,True,0,4.868852459016393,0.6787461855084805,0.07377049180327869,0.00819672131147541,0.0,False,False,False
1.3.2,redundancy-compensated-pressure-routing,fine-014,behavioral,0.2,100,125,25,1.25,1.25,6.0,0.5,12,5,True,1.0,6,106,85,21,True,0,4.92,0.683424531024531,0.072,0.008,0.0,False,False,False
1.3.2,redundancy-compensated-pressure-routing,fine-014,behavioral,0.2,100,128,28,1.28,1.28,6.0,0.5,12,5,True,1.0,8,108,85,23,True,0,4.9375,0.6812646554834054,0.078125,0.0078125,0.0,False,False,False
1.3.2,redundancy-compensated-pressure-routing,fine-014,behavioral,0.2,100,130,30,1.3,1.3,6.0,0.5,12,5,True,1.0,9,109,85,24,True,0,4.907692307692308,0.681040071040071,0.07692307692307693,0.007692307692307693,0.0,False,False,False
1.3.2,redundancy-compensated-pressure-routing,fine-015,random,0.2,100,120,20,1.2,1.2,6.0,0.5,12,5,False,0.99,-1,99,82,17,False,67,4.75,0.6601382876382876,0.016666666666666666,0.008333333333333333,1.125,False,False,False
1.3.2,redundancy-compensated-pressure-routing,fine-015,random,0.2,100,122,22,1.22,1.22,6.0,0.5,12,5,True,1.0,0,100,82,18,False,67,4.688524590163935,0.6547808293709932,0.01639344262295082,0.00819672131147541,1.1065573770491803,False,False,False
1.3.2,redundancy-compensated-pressure-routing,fine-015,random,0.2,100,125,25,1.25,1.25,6.0,0.5,12,5,True,1.0,2,102,82,20,False,68,4.696,0.6530660894660895,0.016,0.008,1.096,False,False,False
1.3.2,redundancy-compensated-pressure-routing,fine-015,random,0.2,100,128,28,1.28,1.28,6.0,0.5,12,5,True,1.0,4,104,82,22,False,69,4.609375,0.6468744363275614,0.015625,0.0078125,1.0859375,False,False,False
1.3.2,redundancy-compensated-pressure-routing,fine-015,random,0.2,100,130,30,1.3,1.3,6.0,0.5,12,5,True,1.0,6,106,82,24,False,71,4.6,0.6491020091020091,0.015384615384615385,0.007692307692307693,1.0923076923076922,False,False,False
1.3.2,redundancy-compensated-pressure-routing,fine-015,targeted,0.2,100,120,20,1.2,1.2,6.0,0.5,12,5,False,0.99,-1,99,82,17,False,87,4.75,0.6601382876382876,0.016666666666666666,0.008333333333333333,1.9666666666666666,False,False,False
1.3.2,redundancy-compensated-pressure-routing,fine-015,targeted,0.2,100,122,22,1.22,1.22,6.0,0.5,12,5,True,1.0,0,100,82,18,False,87,4.688524590163935,0.6547808293709932,0.01639344262295082,0.00819672131147541,1.9344262295081966,False,False,False
1.3.2,redundancy-compensated-pressure-routing,fine-015,targeted,0.2,100,125,25,1.25,1.25,6.0,0.5,12,5,True,1.0,2,102,82,20,False,88,4.696,0.6530660894660895,0.016,0.008,1.92,False,False,False
1.3.2,redundancy-compensated-pressure-routing,fine-015,targeted,0.2,100,128,28,1.28,1.28,6.0,0.5,12,5,True,1.0,4,104,82,22,False,89,4.609375,0.6468744363275614,0.015625,0.0078125,1.8828125,False,False,False
1.3.2,redundancy-compensated-pressure-routing,fine-015,targeted,0.2,100,130,30,1.3,1.3,6.0,0.5,12,5,True,1.0,6,106,82,24,False,91,4.6,0.6491020091020091,0.015384615384615385,0.007692307692307693,1.8923076923076922,False,False,False
1.3.2,redundancy-compensated-pressure-routing,fine-015,behavioral,0.2,100,120,20,1.2,1.2,6.0,0.5,12,5,False,0.99,-1,99,82,17,False,0,4.458333333333333,0.644827441077441,0.025,0.025,0.0,False,False,False
1.3.2,redundancy-compensated-pressure-routing,fine-015,behavioral,0.2,100,122,22,1.22,1.22,6.0,0.5,12,5,True,1.0,0,100,82,18,True,0,4.401639344262295,0.6397209802947508,0.02459016393442623,0.02459016393442623,0.0,False,False,False
1.3.2,redundancy-compensated-pressure-routing,fine-015,behavioral,0.2,100,125,25,1.25,1.25,6.0,0.5,12,5,True,1.0,2,102,82,20,True,0,4.36,0.6370343434343434,0.024,0.024,0.0,False,False,False
1.3.2,redundancy-compensated-pressure-routing,fine-015,behavioral,0.2,100,128,28,1.28,1.28,6.0,0.5,12,5,True,1.0,5,105,82,23,True,0,4.3984375,0.6417436079545454,0.03125,0.0234375,0.0,False,False,False
1.3.2,redundancy-compensated-pressure-routing,fine-015,behavioral,0.2,100,130,30,1.3,1.3,6.0,0.5,12,5,True,1.0,7,107,82,25,True,0,4.4,0.6442332667332668,0.03076923076923077,0.023076923076923078,0.0,False,False,False
1.3.2,redundancy-compensated-pressure-routing,fine-016,random,0.2,100,120,20,1.2,1.2,6.0,0.5,12,5,False,0.98,-2,98,83,15,False,62,4.591666666666667,0.6535801467051467,0.016666666666666666,0.0,1.0833333333333333,False,False,False
1.3.2,redundancy-compensated-pressure-routing,fine-016,random,0.2,100,122,22,1.22,1.22,6.0,0.5,12,5,True,1.0,0,100,83,17,False,64,4.573770491803279,0.6551608000378493,0.01639344262295082,0.0,1.0901639344262295,False,False,False
1.3.2,redundancy-compensated-pressure-routing,fine-016,random,0.2,100,125,25,1.25,1.25,6.0,0.5,12,5,True,1.0,3,103,83,20,False,67,4.68,0.6614369408369408,0.016,0.0,1.12,False,False,False
1.3.2,redundancy-compensated-pressure-routing,fine-016,random,0.2,100,128,28,1.28,1.28,6.0,0.5,12,5,True,1.0,6,106,83,23,False,70,4.6953125,0.6652487486471862,0.015625,0.0,1.1171875,False,False,False
1.3.2,redundancy-compensated-pressure-routing,fine-016,random,0.2,100,130,30,1.3,1.3,6.0,0.5,12,5,True,1.0,8,108,83,25,False,71,4.730769230769231,0.6678346653346653,0.015384615384615385,0.0,1.1153846153846154,False,False,False
1.3.2,redundancy-compensated-pressure-routing,fine-016,targeted,0.2,100,120,20,1.2,1.2,6.0,0.5,12,5,False,0.98,-2,98,83,15,False,84,4.591666666666667,0.6535801467051467,0.016666666666666666,0.0,2.0083333333333333,False,False,False
1.3.2,redundancy-compensated-pressure-routing,fine-016,targeted,0.2,100,122,22,1.22,1.22,6.0,0.5,12,5,True,1.0,0,100,83,17,False,85,4.573770491803279,0.6551608000378493,0.01639344262295082,0.0,2.0,False,False,False
1.3.2,redundancy-compensated-pressure-routing,fine-016,targeted,0.2,100,125,25,1.25,1.25,6.0,0.5,12,5,True,1.0,3,103,83,20,False,87,4.68,0.6614369408369408,0.016,0.0,2.016,False,False,False
1.3.2,redundancy-compensated-pressure-routing,fine-016,targeted,0.2,100,128,28,1.28,1.28,6.0,0.5,12,5,True,1.0,6,106,83,23,False,90,4.6953125,0.6652487486471862,0.015625,0.0,2.0078125,False,False,False
1.3.2,redundancy-compensated-pressure-routing,fine-016,targeted,0.2,100,130,30,1.3,1.3,6.0,0.5,12,5,True,1.0,8,108,83,25,False,92,4.730769230769231,0.6678346653346653,0.015384615384615385,0.0,2.023076923076923,False,False,False
1.3.2,redundancy-compensated-pressure-routing,fine-016,behavioral,0.2,100,120,20,1.2,1.2,6.0,0.5,12,5,False,0.94,-6,94,78,16,False,0,5.116666666666666,0.6468996512746513,0.075,0.0,0.0,False,False,False
1.3.2,redundancy-compensated-pressure-routing,fine-016,behavioral,0.2,100,122,22,1.22,1.22,6.0,0.5,12,5,False,0.96,-4,96,78,18,False,0,5.122950819672131,0.6491362690133182,0.07377049180327869,0.0,0.0,False,False,False
1.3.2,redundancy-compensated-pressure-routing,fine-016,behavioral,0.2,100,125,25,1.25,1.25,6.0,0.5,12,5,False,0.99,-1,99,78,21,False,0,5.112,0.653080808080808,0.072,0.0,0.0,False,False,False
1.3.2,redundancy-compensated-pressure-routing,fine-016,behavioral,0.2,100,128,28,1.28,1.28,6.0,0.5,12,5,True,1.0,1,101,78,23,True,0,5.078125,0.6500138099747474,0.0703125,0.0,0.0,False,False,False
1.3.2,redundancy-compensated-pressure-routing,fine-016,behavioral,0.2,100,130,30,1.3,1.3,6.0,0.5,12,5,True,1.0,3,103,78,25,True,0,5.1,0.6532614607614607,0.06923076923076923,0.0,0.0,False,False,False
1.3.2,redundancy-compensated-pressure-routing,fine-017,random,0.2,100,120,20,1.2,1.2,6.0,0.5,12,5,True,1.0,6,106,88,18,False,77,5.408333333333333,0.7097279341029341,0.041666666666666664,0.0,1.4,False,False,False
1.3.2,redundancy-compensated-pressure-routing,fine-017,random,0.2,100,122,22,1.22,1.22,6.0,0.5,12,5,True,1.0,8,108,88,20,False,79,5.368852459016393,0.7101149078608096,0.040983606557377046,0.0,1.401639344262295,False,False,False
1.3.2,redundancy-compensated-pressure-routing,fine-017,random,0.2,100,125,25,1.25,1.25,6.0,0.5,12,5,True,1.0,9,109,88,21,False,79,5.248,0.6970721500721501,0.04,0.0,1.376,False,False,False
1.3.2,redundancy-compensated-pressure-routing,fine-017,random,0.2,100,128,28,1.28,1.28,6.0,0.5,12,5,True,1.0,12,112,88,24,False,80,5.1640625,0.694406396554834,0.0390625,0.0,1.3515625,False,False,False
1.3.2,redundancy-compensated-pressure-routing,fine-017,random,0.2,100,130,30,1.3,1.3,6.0,0.5,12,5,True,1.0,13,113,88,25,False,81,5.1461538461538465,0.6905608280608281,0.038461538461538464,0.0,1.3461538461538463,False,False,False
1.3.2,redundancy-compensated-pressure-routing,fine-017,targeted,0.2,100,120,20,1.2,1.2,6.0,0.5,12,5,True,1.0,6,106,88,18,False,91,5.408333333333333,0.7097279341029341,0.041666666666666664,0.0,2.2416666666666667,False,False,False
1.3.2,redundancy-compensated-pressure-routing,fine-017,targeted,0.2,100,122,22,1.22,1.22,6.0,0.5,12,5,True,1.0,8,108,88,20,False,93,5.368852459016393,0.7101149078608096,0.040983606557377046,0.0,2.2295081967213113,False,False,False
1.3.2,redundancy-compensated-pressure-routing,fine-017,targeted,0.2,100,125,25,1.25,1.25,6.0,0.5,12,5,True,1.0,9,109,88,21,False,94,5.248,0.6970721500721501,0.04,0.0,2.184,False,False,False
1.3.2,redundancy-compensated-pressure-routing,fine-017,targeted,0.2,100,128,28,1.28,1.28,6.0,0.5,12,5,True,1.0,12,112,88,24,False,96,5.1640625,0.694406396554834,0.0390625,0.0,2.1484375,False,False,False
1.3.2,redundancy-compensated-pressure-routing,fine-017,targeted,0.2,100,130,30,1.3,1.3,6.0,0.5,12,5,True,1.0,13,113,88,25,False,97,5.1461538461538465,0.6905608280608281,0.038461538461538464,0.0,2.146153846153846,False,False,False
1.3.2,redundancy-compensated-pressure-routing,fine-017,behavioral,0.2,100,120,20,1.2,1.2,6.0,0.5,12,5,True,1.0,5,105,87,18,True,0,5.016666666666667,0.696126443001443,0.058333333333333334,0.0,0.0,False,False,False
1.3.2,redundancy-compensated-pressure-routing,fine-017,behavioral,0.2,100,122,22,1.22,1.22,6.0,0.5,12,5,True,1.0,7,107,87,20,True,0,5.065573770491803,0.6994686324604358,0.05737704918032787,0.0,0.0,False,False,False
1.3.2,redundancy-compensated-pressure-routing,fine-017,behavioral,0.2,100,125,25,1.25,1.25,6.0,0.5,12,5,True,1.0,8,108,87,21,True,0,4.96,0.6880147186147186,0.056,0.0,0.0,False,False,False
1.3.2,redundancy-compensated-pressure-routing,fine-017,behavioral,0.2,100,128,28,1.28,1.28,6.0,0.5,12,5,True,1.0,11,111,87,24,True,0,4.8828125,0.6862122903138528,0.0546875,0.0,0.0,False,False,False
1.3.2,redundancy-compensated-pressure-routing,fine-017,behavioral,0.2,100,130,30,1.3,1.3,6.0,0.5,12,5,True,1.0,12,112,87,25,True,0,4.846153846153846,0.6820654345654346,0.05384615384615385,0.0,0.0,False,False,False
1.3.2,redundancy-compensated-pressure-routing,fine-018,random,0.2,100,120,20,1.2,1.2,6.0,0.5,12,5,True,1.0,2,102,84,18,False,66,4.433333333333334,0.6621548821548822,0.025,0.0,1.0583333333333333,False,False,False
1.3.2,redundancy-compensated-pressure-routing,fine-018,random,0.2,100,122,22,1.22,1.22,6.0,0.5,12,5,True,1.0,4,104,84,20,False,67,4.459016393442623,0.6642159297897002,0.02459016393442623,0.0,1.0655737704918034,False,False,False
1.3.2,redundancy-compensated-pressure-routing,fine-018,random,0.2,100,125,25,1.25,1.25,6.0,0.5,12,5,True,1.0,7,107,84,23,False,70,4.488,0.6676652236652236,0.024,0.0,1.08,False,False,False
1.3.2,redundancy-compensated-pressure-routing,fine-018,random,0.2,100,128,28,1.28,1.28,6.0,0.5,12,5,True,1.0,10,110,84,26,False,71,4.46875,0.6680758477633477,0.0234375,0.0,1.0703125,False,False,False
1.3.2,redundancy-compensated-pressure-routing,fine-018,random,0.2,100,130,30,1.3,1.3,6.0,0.5,12,5,True,1.0,12,112,84,28,False,73,4.538461538461538,0.6720834720834721,0.023076923076923078,0.0,1.1076923076923078,False,False,False
1.3.2,redundancy-compensated-pressure-routing,fine-018,targeted,0.2,100,120,20,1.2,1.2,6.0,0.5,12,5,True,1.0,2,102,84,18,False,88,4.433333333333334,0.6621548821548822,0.025,0.0,1.9333333333333333,False,False,False
1.3.2,redundancy-compensated-pressure-routing,fine-018,targeted,0.2,100,122,22,1.22,1.22,6.0,0.5,12,5,True,1.0,4,104,84,20,False,90,4.459016393442623,0.6642159297897002,0.02459016393442623,0.0,1.9426229508196722,False,False,False
1.3.2,redundancy-compensated-pressure-routing,fine-018,targeted,0.2,100,125,25,1.25,1.25,6.0,0.5,12,5,True,1.0,7,107,84,23,False,93,4.488,0.6676652236652236,0.024,0.0,1.952,False,False,False
1.3.2,redundancy-compensated-pressure-routing,fine-018,targeted,0.2,100,128,28,1.28,1.28,6.0,0.5,12,5,True,1.0,10,110,84,26,False,96,4.46875,0.6680758477633477,0.0234375,0.0,1.953125,False,False,False
1.3.2,redundancy-compensated-pressure-routing,fine-018,targeted,0.2,100,130,30,1.3,1.3,6.0,0.5,12,5,True,1.0,12,112,84,28,False,97,4.538461538461538,0.6720834720834721,0.023076923076923078,0.0,1.9692307692307693,False,False,False
1.3.2,redundancy-compensated-pressure-routing,fine-018,behavioral,0.2,100,120,20,1.2,1.2,6.0,0.5,12,5,True,1.0,0,100,82,18,True,0,4.808333333333334,0.6603887085137085,0.058333333333333334,0.0,0.0,False,False,False
1.3.2,redundancy-compensated-pressure-routing,fine-018,behavioral,0.2,100,122,22,1.22,1.22,6.0,0.5,12,5,True,1.0,2,102,82,20,True,0,4.762295081967213,0.6604916258604783,0.05737704918032787,0.0,0.0,False,False,False
1.3.2,redundancy-compensated-pressure-routing,fine-018,behavioral,0.2,100,125,25,1.25,1.25,6.0,0.5,12,5,True,1.0,5,105,82,23,True,0,4.72,0.660830303030303,0.056,0.0,0.0,False,False,False
1.3.2,redundancy-compensated-pressure-routing,fine-018,behavioral,0.2,100,128,28,1.28,1.28,6.0,0.5,12,5,True,1.0,8,108,82,26,True,0,4.640625,0.6583629261363636,0.0546875,0.0,0.0,False,False,False
1.3.2,redundancy-compensated-pressure-routing,fine-018,behavioral,0.2,100,130,30,1.3,1.3,6.0,0.5,12,5,True,1.0,10,110,82,28,True,0,4.7153846153846155,0.6626573426573427,0.05384615384615385,0.0,0.0,False,False,False
1.3.2,redundancy-compensated-pressure-routing,fine-019,random,0.2,100,120,20,1.2,1.2,6.0,0.5,12,5,True,1.0,3,103,84,19,False,70,5.233333333333333,0.7013618326118326,0.03333333333333333,0.0,1.2583333333333333,False,False,False
1.3.2,redundancy-compensated-pressure-routing,fine-019,random,0.2,100,122,22,1.22,1.22,6.0,0.5,12,5,True,1.0,4,104,84,20,False,71,5.172131147540983,0.6960116386345895,0.03278688524590164,0.0,1.2540983606557377,False,False,False
1.3.2,redundancy-compensated-pressure-routing,fine-019,random,0.2,100,125,25,1.25,1.25,6.0,0.5,12,5,True,1.0,7,107,84,23,False,74,5.336,0.7033073593073593,0.04,0.0,1.264,False,False,False
1.3.2,redundancy-compensated-pressure-routing,fine-019,random,0.2,100,128,28,1.28,1.28,6.0,0.5,12,5,True,1.0,10,110,84,26,False,76,5.265625,0.7011465097402597,0.0390625,0.0,1.25,False,False,False
1.3.2,redundancy-compensated-pressure-routing,fine-019,random,0.2,100,130,30,1.3,1.3,6.0,0.5,12,5,True,1.0,12,112,84,28,False,76,5.2153846153846155,0.699975024975025,0.038461538461538464,0.0,1.2307692307692308,False,False,False
1.3.2,redundancy-compensated-pressure-routing,fine-019,targeted,0.2,100,120,20,1.2,1.2,6.0,0.5,12,5,True,1.0,3,103,84,19,False,84,5.233333333333333,0.7013618326118326,0.03333333333333333,0.0,1.85,False,False,False
1.3.2,redundancy-compensated-pressure-routing,fine-019,targeted,0.2,100,122,22,1.22,1.22,6.0,0.5,12,5,True,1.0,4,104,84,20,False,85,5.172131147540983,0.6960116386345895,0.03278688524590164,0.0,1.8442622950819672,False,False,False
1.3.2,redundancy-compensated-pressure-routing,fine-019,targeted,0.2,100,125,25,1.25,1.25,6.0,0.5,12,5,True,1.0,7,107,84,23,False,88,5.336,0.7033073593073593,0.04,0.0,1.896,False,False,False
1.3.2,redundancy-compensated-pressure-routing,fine-019,targeted,0.2,100,128,28,1.28,1.28,6.0,0.5,12,5,True,1.0,10,110,84,26,False,89,5.265625,0.7011465097402597,0.0390625,0.0,1.8671875,False,False,False
1.3.2,redundancy-compensated-pressure-routing,fine-019,targeted,0.2,100,130,30,1.3,1.3,6.0,0.5,12,5,True,1.0,12,112,84,28,False,91,5.2153846153846155,0.699975024975025,0.038461538461538464,0.0,1.8615384615384616,False,False,False
1.3.2,redundancy-compensated-pressure-routing,fine-019,behavioral,0.2,100,120,20,1.2,1.2,6.0,0.5,12,5,True,1.0,5,105,87,18,True,0,5.133333333333334,0.708820646945647,0.041666666666666664,0.0,0.0,False,False,False
1.3.2,redundancy-compensated-pressure-routing,fine-019,behavioral,0.2,100,122,22,1.22,1.22,6.0,0.5,12,5,True,1.0,7,107,87,20,True,0,5.245901639344262,0.7135940789629314,0.040983606557377046,0.0,0.0,False,False,False
1.3.2,redundancy-compensated-pressure-routing,fine-019,behavioral,0.2,100,125,25,1.25,1.25,6.0,0.5,12,5,True,1.0,10,110,87,23,True,0,5.288,0.7155789321789322,0.04,0.0,0.0,False,False,False
1.3.2,redundancy-compensated-pressure-routing,fine-019,behavioral,0.2,100,128,28,1.28,1.28,6.0,0.5,12,5,True,1.0,13,113,87,26,True,0,5.265625,0.7160601551226551,0.0390625,0.0,0.0,False,False,False
1.3.2,redundancy-compensated-pressure-routing,fine-019,behavioral,0.2,100,130,30,1.3,1.3,6.0,0.5,12,5,True,1.0,15,115,87,28,True,0,5.3307692307692305,0.719466921966922,0.038461538461538464,0.0,0.0,False,False,False
1.3.2,redundancy-compensated-pressure-routing,fine-020,random,0.2,100,120,20,1.2,1.2,6.0,0.5,12,5,True,1.0,4,104,87,17,False,72,5.125,0.6941825998075998,0.03333333333333333,0.025,1.0833333333333333,False,False,False
1.3.2,redundancy-compensated-pressure-routing,fine-020,random,0.2,100,122,22,1.22,1.22,6.0,0.5,12,5,True,1.0,6,106,87,19,False,73,5.155737704918033,0.6970102074610272,0.03278688524590164,0.02459016393442623,1.0819672131147542,False,False,False
1.3.2,redundancy-compensated-pressure-routing,fine-020,random,0.2,100,125,25,1.25,1.25,6.0,0.5,12,5,True,1.0,8,108,87,21,False,75,5.152,0.6942819624819625,0.04,0.024,1.096,False,False,False
1.3.2,redundancy-compensated-pressure-routing,fine-020,random,0.2,100,128,28,1.28,1.28,6.0,0.5,12,5,True,1.0,11,111,87,24,False,77,5.1015625,0.6942857706529582,0.0390625,0.0234375,1.0859375,False,False,False
1.3.2,redundancy-compensated-pressure-routing,fine-020,random,0.2,100,130,30,1.3,1.3,6.0,0.5,12,5,True,1.0,12,112,87,25,False,77,5.038461538461538,0.6887326562326562,0.038461538461538464,0.03076923076923077,1.0692307692307692,False,False,False
1.3.2,redundancy-compensated-pressure-routing,fine-020,targeted,0.2,100,120,20,1.2,1.2,6.0,0.5,12,5,True,1.0,4,104,87,17,False,86,5.125,0.6941825998075998,0.03333333333333333,0.025,2.125,False,False,False
1.3.2,redundancy-compensated-pressure-routing,fine-020,targeted,0.2,100,122,22,1.22,1.22,6.0,0.5,12,5,True,1.0,6,106,87,19,False,88,5.155737704918033,0.6970102074610272,0.03278688524590164,0.02459016393442623,2.1475409836065573,False,False,False
1.3.2,redundancy-compensated-pressure-routing,fine-020,targeted,0.2,100,125,25,1.25,1.25,6.0,0.5,12,5,True,1.0,8,108,87,21,False,89,5.152,0.6942819624819625,0.04,0.024,2.12,False,False,False
1.3.2,redundancy-compensated-pressure-routing,fine-020,targeted,0.2,100,128,28,1.28,1.28,6.0,0.5,12,5,True,1.0,11,111,87,24,False,91,5.1015625,0.6942857706529582,0.0390625,0.0234375,2.109375,False,False,False
1.3.2,redundancy-compensated-pressure-routing,fine-020,targeted,0.2,100,130,30,1.3,1.3,6.0,0.5,12,5,True,1.0,12,112,87,25,False,92,5.038461538461538,0.6887326562326562,0.038461538461538464,0.03076923076923077,2.0846153846153848,False,False,False
1.3.2,redundancy-compensated-pressure-routing,fine-020,behavioral,0.2,100,120,20,1.2,1.2,6.0,0.5,12,5,True,1.0,0,100,85,15,True,0,5.3,0.676785113035113,0.058333333333333334,0.06666666666666667,0.0,False,False,False
1.3.2,redundancy-compensated-pressure-routing,fine-020,behavioral,0.2,100,122,22,1.22,1.22,6.0,0.5,12,5,True,1.0,2,102,85,17,True,0,5.385245901639344,0.6812640456083079,0.05737704918032787,0.06557377049180328,0.0,False,False,False
1.3.2,redundancy-compensated-pressure-routing,fine-020,behavioral,0.2,100,125,25,1.25,1.25,6.0,0.5,12,5,True,1.0,4,104,85,19,True,0,5.376,0.6789137085137085,0.056,0.064,0.0,False,False,False
1.3.2,redundancy-compensated-pressure-routing,fine-020,behavioral,0.2,100,128,28,1.28,1.28,6.0,0.5,12,5,True,1.0,7,107,85,22,True,0,5.34375,0.679711737914863,0.0546875,0.0625,0.0,False,False,False
1.3.2,redundancy-compensated-pressure-routing,fine-020,behavioral,0.2,100,130,30,1.3,1.3,6.0,0.5,12,5,True,1.0,8,108,85,23,True,0,5.276923076923077,0.6743828393828394,0.05384615384615385,0.06923076923076923,0.0,False,False,False
1.3.2,redundancy-compensated-pressure-routing,fine-021,random,0.2,100,120,20,1.2,1.2,6.0,0.5,12,5,True,1.0,2,102,83,19,False,64,4.6,0.6682236050986051,0.008333333333333333,0.016666666666666666,1.1,False,False,False
1.3.2,redundancy-compensated-pressure-routing,fine-021,random,0.2,100,122,22,1.22,1.22,6.0,0.5,12,5,True,1.0,3,103,83,20,False,65,4.557377049180328,0.6638264968183001,0.00819672131147541,0.01639344262295082,1.0901639344262295,False,False,False
1.3.2,redundancy-compensated-pressure-routing,fine-021,random,0.2,100,125,25,1.25,1.25,6.0,0.5,12,5,True,1.0,6,106,83,23,False,68,4.664,0.6699518037518037,0.008,0.016,1.112,False,False,False
1.3.2,redundancy-compensated-pressure-routing,fine-021,random,0.2,100,128,28,1.28,1.28,6.0,0.5,12,5,True,1.0,9,109,83,26,False,71,4.671875,0.6717969313672438,0.0078125,0.015625,1.109375,False,False,False
1.3.2,redundancy-compensated-pressure-routing,fine-021,random,0.2,100,130,30,1.3,1.3,6.0,0.5,12,5,True,1.0,10,110,83,27,False,72,4.607692307692307,0.6653077478077478,0.007692307692307693,0.015384615384615385,1.1,False,False,False
1.3.2,redundancy-compensated-pressure-routing,fine-021,targeted,0.2,100,120,20,1.2,1.2,6.0,0.5,12,5,True,1.0,2,102,83,19,False,79,4.6,0.6682236050986051,0.008333333333333333,0.016666666666666666,1.85,False,False,False
1.3.2,redundancy-compensated-pressure-routing,fine-021,targeted,0.2,100,122,22,1.22,1.22,6.0,0.5,12,5,True,1.0,3,103,83,20,False,80,4.557377049180328,0.6638264968183001,0.00819672131147541,0.01639344262295082,1.8360655737704918,False,False,False
1.3.2,redundancy-compensated-pressure-routing,fine-021,targeted,0.2,100,125,25,1.25,1.25,6.0,0.5,12,5,True,1.0,6,106,83,23,False,83,4.664,0.6699518037518037,0.008,0.016,1.888,False,False,False
1.3.2,redundancy-compensated-pressure-routing,fine-021,targeted,0.2,100,128,28,1.28,1.28,6.0,0.5,12,5,True,1.0,9,109,83,26,False,85,4.671875,0.6717969313672438,0.0078125,0.015625,1.8828125,False,False,False
1.3.2,redundancy-compensated-pressure-routing,fine-021,targeted,0.2,100,130,30,1.3,1.3,6.0,0.5,12,5,True,1.0,10,110,83,27,False,85,4.607692307692307,0.6653077478077478,0.007692307692307693,0.015384615384615385,1.853846153846154,False,False,False
1.3.2,redundancy-compensated-pressure-routing,fine-021,behavioral,0.2,100,120,20,1.2,1.2,6.0,0.5,12,5,True,1.0,8,108,89,19,True,0,4.75,0.6974491943241943,0.016666666666666666,0.016666666666666666,0.0,False,False,False
1.3.2,redundancy-compensated-pressure-routing,fine-021,behavioral,0.2,100,122,22,1.22,1.22,6.0,0.5,12,5,True,1.0,10,110,89,21,True,0,4.745901639344262,0.6994035791166938,0.02459016393442623,0.01639344262295082,0.0,False,False,False
1.3.2,redundancy-compensated-pressure-routing,fine-021,behavioral,0.2,100,125,25,1.25,1.25,6.0,0.5,12,5,True,1.0,13,113,89,24,True,0,4.84,0.7039512265512265,0.024,0.016,0.0,False,False,False
1.3.2,redundancy-compensated-pressure-routing,fine-021,behavioral,0.2,100,128,28,1.28,1.28,6.0,0.5,12,5,True,1.0,16,116,89,27,True,0,4.84375,0.7043794530122655,0.0234375,0.015625,0.0,False,False,False
1.3.2,redundancy-compensated-pressure-routing,fine-021,behavioral,0.2,100,130,30,1.3,1.3,6.0,0.5,12,5,True,1.0,16,116,89,27,True,0,4.769230769230769,0.693542846042846,0.023076923076923078,0.015384615384615385,0.0,False,False,False
1.3.2,redundancy-compensated-pressure-routing,fine-022,random,0.2,100,120,20,1.2,1.2,6.0,0.5,12,5,True,1.0,1,101,82,19,False,66,4.9,0.6797207190957191,0.05,0.008333333333333333,1.1,False,False,False
1.3.2,redundancy-compensated-pressure-routing,fine-022,random,0.2,100,122,22,1.22,1.22,6.0,0.5,12,5,True,1.0,3,103,82,21,False,67,4.934426229508197,0.6827854067608166,0.04918032786885246,0.00819672131147541,1.1065573770491803,False,False,False
1.3.2,redundancy-compensated-pressure-routing,fine-022,random,0.2,100,125,25,1.25,1.25,6.0,0.5,12,5,True,1.0,6,106,82,24,False,69,4.992,0.6868430014430015,0.048,0.008,1.12,False,False,False
1.3.2,redundancy-compensated-pressure-routing,fine-022,random,0.2,100,128,28,1.28,1.28,6.0,0.5,12,5,True,1.0,9,109,82,27,False,71,5.078125,0.6921984916125541,0.046875,0.0078125,1.1484375,False,False,False
1.3.2,redundancy-compensated-pressure-routing,fine-022,random,0.2,100,130,30,1.3,1.3,6.0,0.5,12,5,True,1.0,11,111,82,29,False,72,5.069230769230769,0.6934082584082584,0.046153846153846156,0.007692307692307693,1.1384615384615384,False,False,False
1.3.2,redundancy-compensated-pressure-routing,fine-022,targeted,0.2,100,120,20,1.2,1.2,6.0,0.5,12,5,True,1.0,1,101,82,19,False,80,4.9,0.6797207190957191,0.05,0.008333333333333333,1.9916666666666667,False,False,False
1.3.2,redundancy-compensated-pressure-routing,fine-022,targeted,0.2,100,122,22,1.22,1.22,6.0,0.5,12,5,True,1.0,3,103,82,21,False,81,4.934426229508197,0.6827854067608166,0.04918032786885246,0.00819672131147541,1.9836065573770492,False,False,False
1.3.2,redundancy-compensated-pressure-routing,fine-022,targeted,0.2,100,125,25,1.25,1.25,6.0,0.5,12,5,True,1.0,6,106,82,24,False,84,4.992,0.6868430014430015,0.048,0.008,1.968,False,False,False
1.3.2,redundancy-compensated-pressure-routing,fine-022,targeted,0.2,100,128,28,1.28,1.28,6.0,0.5,12,5,True,1.0,9,109,82,27,False,87,5.078125,0.6921984916125541,0.046875,0.0078125,1.984375,False,False,False
1.3.2,redundancy-compensated-pressure-routing,fine-022,targeted,0.2,100,130,30,1.3,1.3,6.0,0.5,12,5,True,1.0,11,111,82,29,False,89,5.069230769230769,0.6934082584082584,0.046153846153846156,0.007692307692307693,1.976923076923077,False,False,False
1.3.2,redundancy-compensated-pressure-routing,fine-022,behavioral,0.2,100,120,20,1.2,1.2,6.0,0.5,12,5,True,1.0,1,101,83,18,True,0,5.183333333333334,0.6967060485810486,0.025,0.008333333333333333,0.0,False,False,False
1.3.2,redundancy-compensated-pressure-routing,fine-022,behavioral,0.2,100,122,22,1.22,1.22,6.0,0.5,12,5,True,1.0,3,103,83,20,True,0,5.19672131147541,0.699127989496842,0.02459016393442623,0.00819672131147541,0.0,False,False,False
1.3.2,redundancy-compensated-pressure-routing,fine-022,behavioral,0.2,100,125,25,1.25,1.25,6.0,0.5,12,5,True,1.0,6,106,83,23,True,0,5.312,0.7052060606060606,0.024,0.008,0.0,False,False,False
1.3.2,redundancy-compensated-pressure-routing,fine-022,behavioral,0.2,100,128,28,1.28,1.28,6.0,0.5,12,5,True,1.0,9,109,83,26,True,0,5.296875,0.7043027935606061,0.0234375,0.0078125,0.0,False,False,False
1.3.2,redundancy-compensated-pressure-routing,fine-022,behavioral,0.2,100,130,30,1.3,1.3,6.0,0.5,12,5,True,1.0,11,111,83,28,True,0,5.292307692307692,0.705433177933178,0.023076923076923078,0.007692307692307693,0.0,False,False,False
1.3.2,redundancy-compensated-pressure-routing,fine-023,random,0.2,100,120,20,1.2,1.2,6.0,0.5,12,5,True,1.0,8,108,90,18,False,78,5.441666666666666,0.7340103415103415,0.05,0.0,1.3583333333333334,False,False,False
1.3.2,redundancy-compensated-pressure-routing,fine-023,random,0.2,100,122,22,1.22,1.22,6.0,0.5,12,5,True,1.0,10,110,90,20,False,80,5.532786885245901,0.7370047074965108,0.05737704918032787,0.0,1.3688524590163935,False,False,False
1.3.2,redundancy-compensated-pressure-routing,fine-023,random,0.2,100,125,25,1.25,1.25,6.0,0.5,12,5,True,1.0,13,113,90,23,False,82,5.528,0.7385165945165945,0.056,0.0,1.4,False,False,False
1.3.2,redundancy-compensated-pressure-routing,fine-023,random,0.2,100,128,28,1.28,1.28,6.0,0.5,12,5,True,1.0,16,116,90,26,False,84,5.5546875,0.7397622993326118,0.0546875,0.0,1.3828125,False,False,False
1.3.2,redundancy-compensated-pressure-routing,fine-023,random,0.2,100,130,30,1.3,1.3,6.0,0.5,12,5,True,1.0,17,117,90,27,False,85,5.515384615384615,0.7349747474747474,0.05384615384615385,0.0,1.3692307692307693,False,False,False
1.3.2,redundancy-compensated-pressure-routing,fine-023,targeted,0.2,100,120,20,1.2,1.2,6.0,0.5,12,5,True,1.0,8,108,90,18,False,98,5.441666666666666,0.7340103415103415,0.05,0.0,2.6416666666666666,False,False,False
1.3.2,redundancy-compensated-pressure-routing,fine-023,targeted,0.2,100,122,22,1.22,1.22,6.0,0.5,12,5,True,1.0,10,110,90,20,False,100,5.532786885245901,0.7370047074965108,0.05737704918032787,0.0,2.6475409836065573,False,False,False
1.3.2,redundancy-compensated-pressure-routing,fine-023,targeted,0.2,100,125,25,1.25,1.25,6.0,0.5,12,5,True,1.0,13,113,90,23,False,103,5.528,0.7385165945165945,0.056,0.0,2.672,False,False,False
1.3.2,redundancy-compensated-pressure-routing,fine-023,targeted,0.2,100,128,28,1.28,1.28,6.0,0.5,12,5,True,1.0,16,116,90,26,False,106,5.5546875,0.7397622993326118,0.0546875,0.0,2.703125,False,False,False
1.3.2,redundancy-compensated-pressure-routing,fine-023,targeted,0.2,100,130,30,1.3,1.3,6.0,0.5,12,5,True,1.0,17,117,90,27,False,107,5.515384615384615,0.7349747474747474,0.05384615384615385,0.0,2.6846153846153844,False,False,False
1.3.2,redundancy-compensated-pressure-routing,fine-023,behavioral,0.2,100,120,20,1.2,1.2,6.0,0.5,12,5,True,1.0,1,101,84,17,True,0,5.058333333333334,0.6875877825877825,0.05,0.016666666666666666,0.0,False,False,False
1.3.2,redundancy-compensated-pressure-routing,fine-023,behavioral,0.2,100,122,22,1.22,1.22,6.0,0.5,12,5,True,1.0,3,103,84,19,True,0,5.139344262295082,0.6912065621082014,0.04918032786885246,0.01639344262295082,0.0,False,False,False
1.3.2,redundancy-compensated-pressure-routing,fine-023,behavioral,0.2,100,125,25,1.25,1.25,6.0,0.5,12,5,True,1.0,5,105,84,21,True,0,5.208,0.6906176046176046,0.056,0.016,0.0,False,False,False
1.3.2,redundancy-compensated-pressure-routing,fine-023,behavioral,0.2,100,128,28,1.28,1.28,6.0,0.5,12,5,True,1.0,7,107,84,23,True,0,5.2109375,0.6884937545093796,0.0546875,0.015625,0.0,False,False,False
1.3.2,redundancy-compensated-pressure-routing,fine-023,behavioral,0.2,100,130,30,1.3,1.3,6.0,0.5,12,5,True,1.0,8,108,84,24,True,0,5.153846153846154,0.6836707736707737,0.05384615384615385,0.023076923076923078,0.0,False,False,False
1.3.2,redundancy-compensated-pressure-routing,fine-024,random,0.2,100,120,20,1.2,1.2,6.0,0.5,12,5,True,1.0,1,101,83,18,False,71,4.325,0.6503959235209236,0.016666666666666666,0.016666666666666666,1.1333333333333333,False,False,False
1.3.2,redundancy-compensated-pressure-routing,fine-024,random,0.2,100,122,22,1.22,1.22,6.0,0.5,12,5,True,1.0,2,102,83,19,False,71,4.262295081967213,0.6438320559222198,0.01639344262295082,0.01639344262295082,1.1147540983606556,False,False,False
1.3.2,redundancy-compensated-pressure-routing,fine-024,random,0.2,100,125,25,1.25,1.25,6.0,0.5,12,5,True,1.0,5,105,83,22,False,74,4.216,0.6441134199134199,0.016,0.016,1.112,False,False,False
1.3.2,redundancy-compensated-pressure-routing,fine-024,random,0.2,100,128,28,1.28,1.28,6.0,0.5,12,5,True,1.0,8,108,83,25,False,76,4.1953125,0.6456836783008658,0.015625,0.015625,1.109375,False,False,False
1.3.2,redundancy-compensated-pressure-routing,fine-024,random,0.2,100,130,30,1.3,1.3,6.0,0.5,12,5,True,1.0,9,109,83,26,False,77,4.138461538461539,0.6395962370962371,0.015384615384615385,0.015384615384615385,1.1,False,False,False
1.3.2,redundancy-compensated-pressure-routing,fine-024,targeted,0.2,100,120,20,1.2,1.2,6.0,0.5,12,5,True,1.0,1,101,83,18,False,86,4.325,0.6503959235209236,0.016666666666666666,0.016666666666666666,1.9333333333333333,False,False,False
1.3.2,redundancy-compensated-pressure-routing,fine-024,targeted,0.2,100,122,22,1.22,1.22,6.0,0.5,12,5,True,1.0,2,102,83,19,False,86,4.262295081967213,0.6438320559222198,0.01639344262295082,0.01639344262295082,1.901639344262295,False,False,False
1.3.2,redundancy-compensated-pressure-routing,fine-024,targeted,0.2,100,125,25,1.25,1.25,6.0,0.5,12,5,True,1.0,5,105,83,22,False,88,4.216,0.6441134199134199,0.016,0.016,1.888,False,False,False
1.3.2,redundancy-compensated-pressure-routing,fine-024,targeted,0.2,100,128,28,1.28,1.28,6.0,0.5,12,5,True,1.0,8,108,83,25,False,90,4.1953125,0.6456836783008658,0.015625,0.015625,1.875,False,False,False
1.3.2,redundancy-compensated-pressure-routing,fine-024,targeted,0.2,100,130,30,1.3,1.3,6.0,0.5,12,5,True,1.0,9,109,83,26,False,91,4.138461538461539,0.6395962370962371,0.015384615384615385,0.015384615384615385,1.853846153846154,False,False,False
1.3.2,redundancy-compensated-pressure-routing,fine-024,behavioral,0.2,100,120,20,1.2,1.2,6.0,0.5,12,5,False,0.95,-5,95,79,16,False,0,4.425,0.6257566738816739,0.058333333333333334,0.041666666666666664,0.0,False,False,False
1.3.2,redundancy-compensated-pressure-routing,fine-024,behavioral,0.2,100,122,22,1.22,1.22,6.0,0.5,12,5,False,0.97,-3,97,79,18,False,0,4.377049180327869,0.6250612092825207,0.05737704918032787,0.040983606557377046,0.0,False,False,False
1.3.2,redundancy-compensated-pressure-routing,fine-024,behavioral,0.2,100,125,25,1.25,1.25,6.0,0.5,12,5,True,1.0,0,100,79,21,True,0,4.328,0.6257930735930736,0.056,0.04,0.0,False,False,False
1.3.2,redundancy-compensated-pressure-routing,fine-024,behavioral,0.2,100,128,28,1.28,1.28,6.0,0.5,12,5,True,1.0,3,103,79,24,True,0,4.2734375,0.6251885484307359,0.0546875,0.0390625,0.0,False,False,False
1.3.2,redundancy-compensated-pressure-routing,fine-024,behavioral,0.2,100,130,30,1.3,1.3,6.0,0.5,12,5,True,1.0,3,103,79,24,True,0,4.207692307692308,0.6155702630702631,0.05384615384615385,0.038461538461538464,0.0,False,False,False
1.3.2,redundancy-compensated-pressure-routing,fine-025,random,0.2,100,120,20,1.2,1.2,6.0,0.5,12,5,True,1.0,6,106,87,19,False,77,5.583333333333333,0.7235506854256855,0.008333333333333333,0.0,1.2166666666666666,False,False,False
1.3.2,redundancy-compensated-pressure-routing,fine-025,random,0.2,100,122,22,1.22,1.22,6.0,0.5,12,5,True,1.0,8,108,87,21,False,78,5.516393442622951,0.7212520403094174,0.00819672131147541,0.0,1.2049180327868851,False,False,False
1.3.2,redundancy-compensated-pressure-routing,fine-025,random,0.2,100,125,25,1.25,1.25,6.0,0.5,12,5,True,1.0,11,111,87,24,False,81,5.544,0.7223864357864358,0.008,0.0,1.216,False,False,False
1.3.2,redundancy-compensated-pressure-routing,fine-025,random,0.2,100,128,28,1.28,1.28,6.0,0.5,12,5,True,1.0,13,113,87,26,False,83,5.5703125,0.7202124481421356,0.0078125,0.0,1.234375,False,False,False
1.3.2,redundancy-compensated-pressure-routing,fine-025,random,0.2,100,130,30,1.3,1.3,6.0,0.5,12,5,True,1.0,15,115,87,28,False,83,5.523076923076923,0.7191322566322567,0.007692307692307693,0.0,1.2153846153846153,False,False,False
1.3.2,redundancy-compensated-pressure-routing,fine-025,targeted,0.2,100,120,20,1.2,1.2,6.0,0.5,12,5,True,1.0,6,106,87,19,False,92,5.583333333333333,0.7235506854256855,0.008333333333333333,0.0,2.225,False,False,False
1.3.2,redundancy-compensated-pressure-routing,fine-025,targeted,0.2,100,122,22,1.22,1.22,6.0,0.5,12,5,True,1.0,8,108,87,21,False,93,5.516393442622951,0.7212520403094174,0.00819672131147541,0.0,2.19672131147541,False,False,False
1.3.2,redundancy-compensated-pressure-routing,fine-025,targeted,0.2,100,125,25,1.25,1.25,6.0,0.5,12,5,True,1.0,11,111,87,24,False,96,5.544,0.7223864357864358,0.008,0.0,2.224,False,False,False
1.3.2,redundancy-compensated-pressure-routing,fine-025,targeted,0.2,100,128,28,1.28,1.28,6.0,0.5,12,5,True,1.0,13,113,87,26,False,98,5.5703125,0.7202124481421356,0.0078125,0.0,2.234375,False,False,False
1.3.2,redundancy-compensated-pressure-routing,fine-025,targeted,0.2,100,130,30,1.3,1.3,6.0,0.5,12,5,True,1.0,15,115,87,28,False,100,5.523076923076923,0.7191322566322567,0.007692307692307693,0.0,2.2153846153846155,False,False,False
1.3.2,redundancy-compensated-pressure-routing,fine-025,behavioral,0.2,100,120,20,1.2,1.2,6.0,0.5,12,5,True,1.0,4,104,87,17,True,0,4.625,0.6703559403559404,0.05,0.0,0.0,False,False,False
1.3.2,redundancy-compensated-pressure-routing,fine-025,behavioral,0.2,100,122,22,1.22,1.22,6.0,0.5,12,5,True,1.0,6,106,87,19,True,0,4.565573770491803,0.6675632200222364,0.04918032786885246,0.0,0.0,False,False,False
1.3.2,redundancy-compensated-pressure-routing,fine-025,behavioral,0.2,100,125,25,1.25,1.25,6.0,0.5,12,5,True,1.0,9,109,87,22,True,0,4.672,0.6734810966810967,0.048,0.0,0.0,False,False,False
1.3.2,redundancy-compensated-pressure-routing,fine-025,behavioral,0.2,100,128,28,1.28,1.28,6.0,0.5,12,5,True,1.0,11,111,87,24,True,0,4.703125,0.6717431006493506,0.046875,0.0,0.0,False,False,False
1.3.2,redundancy-compensated-pressure-routing,fine-025,behavioral,0.2,100,130,30,1.3,1.3,6.0,0.5,12,5,True,1.0,12,112,87,25,True,0,4.723076923076923,0.6691008991008991,0.046153846153846156,0.0,0.0,False,False,False
1.3.2,redundancy-compensated-pressure-routing,fine-026,random,0.2,100,120,20,1.2,1.2,6.0,0.5,12,5,False,0.98,-2,98,83,15,False,63,4.233333333333333,0.6272378547378548,0.03333333333333333,0.0,0.9666666666666667,False,False,False
1.3.2,redundancy-compensated-pressure-routing,fine-026,random,0.2,100,122,22,1.22,1.22,6.0,0.5,12,5,True,1.0,0,100,83,17,False,65,4.245901639344262,0.6306164691410593,0.040983606557377046,0.0,0.9836065573770492,False,False,False
1.3.2,redundancy-compensated-pressure-routing,fine-026,random,0.2,100,125,25,1.25,1.25,6.0,0.5,12,5,True,1.0,2,102,83,19,False,66,4.2,0.6278816738816739,0.04,0.0,0.976,False,False,False
1.3.2,redundancy-compensated-pressure-routing,fine-026,random,0.2,100,128,28,1.28,1.28,6.0,0.5,12,5,True,1.0,4,104,83,21,False,68,4.21875,0.6268375721500722,0.046875,0.0,1.0,False,False,False
1.3.2,redundancy-compensated-pressure-routing,fine-026,random,0.2,100,130,30,1.3,1.3,6.0,0.5,12,5,True,1.0,5,105,83,22,False,69,4.207692307692308,0.6239246864246865,0.046153846153846156,0.007692307692307693,1.0,False,False,False
1.3.2,redundancy-compensated-pressure-routing,fine-026,targeted,0.2,100,120,20,1.2,1.2,6.0,0.5,12,5,False,0.98,-2,98,83,15,False,78,4.233333333333333,0.6272378547378548,0.03333333333333333,0.0,1.95,False,False,False
1.3.2,redundancy-compensated-pressure-routing,fine-026,targeted,0.2,100,122,22,1.22,1.22,6.0,0.5,12,5,True,1.0,0,100,83,17,False,80,4.245901639344262,0.6306164691410593,0.040983606557377046,0.0,1.9508196721311475,False,False,False
1.3.2,redundancy-compensated-pressure-routing,fine-026,targeted,0.2,100,125,25,1.25,1.25,6.0,0.5,12,5,True,1.0,2,102,83,19,False,82,4.2,0.6278816738816739,0.04,0.0,1.92,False,False,False
1.3.2,redundancy-compensated-pressure-routing,fine-026,targeted,0.2,100,128,28,1.28,1.28,6.0,0.5,12,5,True,1.0,4,104,83,21,False,84,4.21875,0.6268375721500722,0.046875,0.0,1.9140625,False,False,False
1.3.2,redundancy-compensated-pressure-routing,fine-026,targeted,0.2,100,130,30,1.3,1.3,6.0,0.5,12,5,True,1.0,5,105,83,22,False,85,4.207692307692308,0.6239246864246865,0.046153846153846156,0.007692307692307693,1.9,False,False,False
1.3.2,redundancy-compensated-pressure-routing,fine-026,behavioral,0.2,100,120,20,1.2,1.2,6.0,0.5,12,5,True,1.0,3,103,88,15,True,0,4.716666666666667,0.6592117604617604,0.06666666666666667,0.008333333333333333,0.0,False,False,False
1.3.2,redundancy-compensated-pressure-routing,fine-026,behavioral,0.2,100,122,22,1.22,1.22,6.0,0.5,12,5,True,1.0,5,105,88,17,True,0,4.819672131147541,0.6640532964303456,0.07377049180327869,0.00819672131147541,0.0,False,False,False
1.3.2,redundancy-compensated-pressure-routing,fine-026,behavioral,0.2,100,125,25,1.25,1.25,6.0,0.5,12,5,True,1.0,6,106,88,18,True,0,4.76,0.6551160173160173,0.08,0.016,0.0,False,False,False
1.3.2,redundancy-compensated-pressure-routing,fine-026,behavioral,0.2,100,128,28,1.28,1.28,6.0,0.5,12,5,True,1.0,8,108,88,20,True,0,4.765625,0.6534336106601731,0.078125,0.015625,0.0,False,False,False
1.3.2,redundancy-compensated-pressure-routing,fine-026,behavioral,0.2,100,130,30,1.3,1.3,6.0,0.5,12,5,True,1.0,8,108,88,20,True,0,4.6923076923076925,0.6433807858807858,0.07692307692307693,0.023076923076923078,0.0,False,False,False
1.3.2,redundancy-compensated-pressure-routing,fine-027,random,0.2,100,120,20,1.2,1.2,6.0,0.5,12,5,False,0.89,-11,89,75,14,False,70,4.1,0.5874188311688312,0.0,0.0,1.125,False,False,False
1.3.2,redundancy-compensated-pressure-routing,fine-027,random,0.2,100,122,22,1.22,1.22,6.0,0.5,12,5,False,0.9,-10,90,75,15,False,71,4.131147540983607,0.5859857355758995,0.0,0.0,1.139344262295082,False,False,False
1.3.2,redundancy-compensated-pressure-routing,fine-027,random,0.2,100,125,25,1.25,1.25,6.0,0.5,12,5,False,0.93,-7,93,75,18,False,74,4.152,0.591433189033189,0.0,0.0,1.152,False,False,False
1.3.2,redundancy-compensated-pressure-routing,fine-027,random,0.2,100,128,28,1.28,1.28,6.0,0.5,12,5,False,0.96,-4,96,75,21,False,76,4.1640625,0.5949325847763348,0.0,0.0,1.171875,False,False,False
1.3.2,redundancy-compensated-pressure-routing,fine-027,random,0.2,100,130,30,1.3,1.3,6.0,0.5,12,5,False,0.98,-2,98,75,23,False,78,4.253846153846154,0.6003096903096903,0.0,0.0,1.2,False,False,False
1.3.2,redundancy-compensated-pressure-routing,fine-027,targeted,0.2,100,120,20,1.2,1.2,6.0,0.5,12,5,False,0.89,-11,89,75,14,False,75,4.1,0.5874188311688312,0.0,0.0,1.925,False,False,False
1.3.2,redundancy-compensated-pressure-routing,fine-027,targeted,0.2,100,122,22,1.22,1.22,6.0,0.5,12,5,False,0.9,-10,90,75,15,False,76,4.131147540983607,0.5859857355758995,0.0,0.0,1.9180327868852458,False,False,False
1.3.2,redundancy-compensated-pressure-routing,fine-027,targeted,0.2,100,125,25,1.25,1.25,6.0,0.5,12,5,False,0.93,-7,93,75,18,False,79,4.152,0.591433189033189,0.0,0.0,1.936,False,False,False
1.3.2,redundancy-compensated-pressure-routing,fine-027,targeted,0.2,100,128,28,1.28,1.28,6.0,0.5,12,5,False,0.96,-4,96,75,21,False,82,4.1640625,0.5949325847763348,0.0,0.0,1.9296875,False,False,False
1.3.2,redundancy-compensated-pressure-routing,fine-027,targeted,0.2,100,130,30,1.3,1.3,6.0,0.5,12,5,False,0.98,-2,98,75,23,False,84,4.253846153846154,0.6003096903096903,0.0,0.0,1.9692307692307693,False,False,False
1.3.2,redundancy-compensated-pressure-routing,fine-027,behavioral,0.2,100,120,20,1.2,1.2,6.0,0.5,12,5,False,0.91,-9,91,74,17,False,0,4.366666666666666,0.6106803150553151,0.03333333333333333,0.0,0.0,False,False,False
1.3.2,redundancy-compensated-pressure-routing,fine-027,behavioral,0.2,100,122,22,1.22,1.22,6.0,0.5,12,5,False,0.93,-7,93,74,19,False,0,4.368852459016393,0.6138424644572186,0.03278688524590164,0.0,0.0,False,False,False
1.3.2,redundancy-compensated-pressure-routing,fine-027,behavioral,0.2,100,125,25,1.25,1.25,6.0,0.5,12,5,False,0.96,-4,96,74,22,False,0,4.424,0.619776911976912,0.04,0.0,0.0,False,False,False
1.3.2,redundancy-compensated-pressure-routing,fine-027,behavioral,0.2,100,128,28,1.28,1.28,6.0,0.5,12,5,False,0.99,-1,99,74,25,False,0,4.484375,0.6254391008297259,0.0390625,0.0,0.0,False,False,False
1.3.2,redundancy-compensated-pressure-routing,fine-027,behavioral,0.2,100,130,30,1.3,1.3,6.0,0.5,12,5,True,1.0,1,101,74,27,True,0,4.569230769230769,0.6303468753468754,0.038461538461538464,0.0,0.0,False,False,False
1.3.2,redundancy-compensated-pressure-routing,fine-028,random,0.2,100,120,20,1.2,1.2,6.0,0.5,12,5,False,0.99,-1,99,82,17,False,74,4.608333333333333,0.6461589105339105,0.008333333333333333,0.0,1.1,False,False,False
1.3.2,redundancy-compensated-pressure-routing,fine-028,random,0.2,100,122,22,1.22,1.22,6.0,0.5,12,5,True,1.0,0,100,82,18,False,75,4.60655737704918,0.6429431906890923,0.00819672131147541,0.0,1.0901639344262295,False,False,False
1.3.2,redundancy-compensated-pressure-routing,fine-028,random,0.2,100,125,25,1.25,1.25,6.0,0.5,12,5,True,1.0,3,103,82,21,False,78,4.592,0.6450363636363636,0.008,0.0,1.112,False,False,False
1.3.2,redundancy-compensated-pressure-routing,fine-028,random,0.2,100,128,28,1.28,1.28,6.0,0.5,12,5,True,1.0,6,106,82,24,False,81,4.5859375,0.6482125946969697,0.0078125,0.0,1.1328125,False,False,False
1.3.2,redundancy-compensated-pressure-routing,fine-028,random,0.2,100,130,30,1.3,1.3,6.0,0.5,12,5,True,1.0,7,107,82,25,False,82,4.607692307692307,0.6459324009324009,0.015384615384615385,0.0,1.1538461538461537,False,False,False
1.3.2,redundancy-compensated-pressure-routing,fine-028,targeted,0.2,100,120,20,1.2,1.2,6.0,0.5,12,5,False,0.99,-1,99,82,17,False,78,4.608333333333333,0.6461589105339105,0.008333333333333333,0.0,1.7583333333333333,False,False,False
1.3.2,redundancy-compensated-pressure-routing,fine-028,targeted,0.2,100,122,22,1.22,1.22,6.0,0.5,12,5,True,1.0,0,100,82,18,False,78,4.60655737704918,0.6429431906890923,0.00819672131147541,0.0,1.7295081967213115,False,False,False
1.3.2,redundancy-compensated-pressure-routing,fine-028,targeted,0.2,100,125,25,1.25,1.25,6.0,0.5,12,5,True,1.0,3,103,82,21,False,79,4.592,0.6450363636363636,0.008,0.0,1.712,False,False,False
1.3.2,redundancy-compensated-pressure-routing,fine-028,targeted,0.2,100,128,28,1.28,1.28,6.0,0.5,12,5,True,1.0,6,106,82,24,False,82,4.5859375,0.6482125946969697,0.0078125,0.0,1.7109375,False,False,False
1.3.2,redundancy-compensated-pressure-routing,fine-028,targeted,0.2,100,130,30,1.3,1.3,6.0,0.5,12,5,True,1.0,7,107,82,25,False,83,4.607692307692307,0.6459324009324009,0.015384615384615385,0.0,1.7307692307692308,False,False,False
1.3.2,redundancy-compensated-pressure-routing,fine-028,behavioral,0.2,100,120,20,1.2,1.2,6.0,0.5,12,5,False,0.99,-1,99,83,16,False,0,4.766666666666667,0.6548529942279943,0.008333333333333333,0.008333333333333333,0.0,False,False,False
1.3.2,redundancy-compensated-pressure-routing,fine-028,behavioral,0.2,100,122,22,1.22,1.22,6.0,0.5,12,5,True,1.0,1,101,83,18,True,0,4.754098360655738,0.6553881910439288,0.00819672131147541,0.00819672131147541,0.0,False,False,False
1.3.2,redundancy-compensated-pressure-routing,fine-028,behavioral,0.2,100,125,25,1.25,1.25,6.0,0.5,12,5,True,1.0,4,104,83,21,True,0,4.744,0.6562649350649351,0.008,0.008,0.0,False,False,False
1.3.2,redundancy-compensated-pressure-routing,fine-028,behavioral,0.2,100,128,28,1.28,1.28,6.0,0.5,12,5,True,1.0,7,107,83,24,True,0,4.7421875,0.6601545589826839,0.0078125,0.0078125,0.0,False,False,False
1.3.2,redundancy-compensated-pressure-routing,fine-028,behavioral,0.2,100,130,30,1.3,1.3,6.0,0.5,12,5,True,1.0,8,108,83,25,True,0,4.676923076923077,0.6538444888444889,0.007692307692307693,0.007692307692307693,0.0,False,False,False
1.3.2,redundancy-compensated-pressure-routing,fine-029,random,0.2,100,120,20,1.2,1.2,6.0,0.5,12,5,True,1.0,3,103,84,19,False,82,4.716666666666667,0.6863519119769119,0.025,0.016666666666666666,1.2,False,False,False
1.3.2,redundancy-compensated-pressure-routing,fine-029,random,0.2,100,122,22,1.22,1.22,6.0,0.5,12,5,True,1.0,4,104,84,20,False,83,4.688524590163935,0.6821260024128877,0.02459016393442623,0.01639344262295082,1.1885245901639345,False,False,False
1.3.2,redundancy-compensated-pressure-routing,fine-029,random,0.2,100,125,25,1.25,1.25,6.0,0.5,12,5,True,1.0,7,107,84,23,False,85,4.736,0.6861549783549784,0.024,0.016,1.184,False,False,False
1.3.2,redundancy-compensated-pressure-routing,fine-029,random,0.2,100,128,28,1.28,1.28,6.0,0.5,12,5,True,1.0,8,108,84,24,False,86,4.6640625,0.6765836377164502,0.0234375,0.015625,1.1640625,False,False,False
1.3.2,redundancy-compensated-pressure-routing,fine-029,random,0.2,100,130,30,1.3,1.3,6.0,0.5,12,5,True,1.0,9,109,84,25,False,87,4.615384615384615,0.6719438894438895,0.023076923076923078,0.015384615384615385,1.1538461538461537,False,False,False
1.3.2,redundancy-compensated-pressure-routing,fine-029,targeted,0.2,100,120,20,1.2,1.2,6.0,0.5,12,5,True,1.0,3,103,84,19,False,91,4.716666666666667,0.6863519119769119,0.025,0.016666666666666666,1.9833333333333334,False,False,False
1.3.2,redundancy-compensated-pressure-routing,fine-029,targeted,0.2,100,122,22,1.22,1.22,6.0,0.5,12,5,True,1.0,4,104,84,20,False,92,4.688524590163935,0.6821260024128877,0.02459016393442623,0.01639344262295082,1.9754098360655739,False,False,False
1.3.2,redundancy-compensated-pressure-routing,fine-029,targeted,0.2,100,125,25,1.25,1.25,6.0,0.5,12,5,True,1.0,7,107,84,23,False,95,4.736,0.6861549783549784,0.024,0.016,1.992,False,False,False
1.3.2,redundancy-compensated-pressure-routing,fine-029,targeted,0.2,100,128,28,1.28,1.28,6.0,0.5,12,5,True,1.0,8,108,84,24,False,96,4.6640625,0.6765836377164502,0.0234375,0.015625,1.953125,False,False,False
1.3.2,redundancy-compensated-pressure-routing,fine-029,targeted,0.2,100,130,30,1.3,1.3,6.0,0.5,12,5,True,1.0,9,109,84,25,False,97,4.615384615384615,0.6719438894438895,0.023076923076923078,0.015384615384615385,1.9307692307692308,False,False,False
1.3.2,redundancy-compensated-pressure-routing,fine-029,behavioral,0.2,100,120,20,1.2,1.2,6.0,0.5,12,5,True,1.0,4,104,87,17,True,0,5.466666666666667,0.7046449615199615,0.10833333333333334,0.041666666666666664,0.0,False,False,False
1.3.2,redundancy-compensated-pressure-routing,fine-029,behavioral,0.2,100,122,22,1.22,1.22,6.0,0.5,12,5,True,1.0,5,105,87,18,True,0,5.39344262295082,0.6985578856480495,0.10655737704918032,0.040983606557377046,0.0,False,False,False
1.3.2,redundancy-compensated-pressure-routing,fine-029,behavioral,0.2,100,125,25,1.25,1.25,6.0,0.5,12,5,True,1.0,8,108,87,21,True,0,5.424,0.7019829725829726,0.104,0.04,0.0,False,False,False
1.3.2,redundancy-compensated-pressure-routing,fine-029,behavioral,0.2,100,128,28,1.28,1.28,6.0,0.5,12,5,True,1.0,9,109,87,22,True,0,5.390625,0.6933427466630592,0.1015625,0.0390625,0.0,False,False,False
1.3.2,redundancy-compensated-pressure-routing,fine-029,behavioral,0.2,100,130,30,1.3,1.3,6.0,0.5,12,5,True,1.0,9,109,87,22,True,0,5.3076923076923075,0.6826759351759352,0.1,0.038461538461538464,0.0,False,False,False
